{"name": "Eastern mole", "scale": 0.0121426715334494, "slice_polygons": [[[[[4.037406106792367, 0.6097975573801943], [3.8029738616852566, 0.6537536640511351], [3.6637797465095883, 0.7196877633441887], [3.517259593317644, 0.8149257718489159], [3.4073695087803655, 0.9101639017803584], [3.3121313788489224, 1.0054020317118009], [3.2755013101942576, 1.1226181542653562], [3.3927174327478133, 1.1812262155421338], [3.517259593317644, 1.2325082388026352], [3.612497723249087, 1.2984422166689735], [3.6930837771479776, 1.393680346600416], [3.7297138458026424, 1.5255485451865234], [3.7297138458026424, 1.6500905843296392], [3.780995869063144, 1.7453287142610818], [3.9421679768609246, 1.7673067068831945], [4.088688130052868, 1.8259147681599721], [4.279164268489038, 1.9577829667460795], [4.169274183951759, 1.9138268600751387], [3.993450000121426, 1.818588730143696], [3.8469298469294824, 1.7819587829157466], [3.685757739131701, 1.701372607590141], [3.6344757158711998, 1.5548525758249123], [3.6271496778549235, 1.3643763159620272], [3.473303486646704, 1.2984422166689735], [3.3414354094873118, 1.2325082388026352], [3.1656112256569786, 1.2178561627700832], [3.0923512097743644, 1.3130942927015257], [3.0630471791359755, 1.5108964691539712], [3.0703730957255364, 1.7233507216389692], [3.121655240412753, 1.862544836814637], [3.180263301689531, 2.0603470132670827], [3.2755013101942576, 2.2215191210648633], [3.4146954253699264, 2.2434972351136913], [3.568541616578146, 2.1995411284427506], [3.7297138458026424, 2.2141932044753028], [3.876233877567871, 2.2434972351136913], [3.9275160222550873, 2.287453220357917], [3.8029738616852566, 2.2361711970974154], [3.6344757158711998, 2.228845159081139], [3.4952816006955314, 2.2728012657520806], [3.3707394401257007, 2.331409327028858], [3.385391394731537, 2.4486254495824133], [3.4439994560083145, 2.5878195647580813], [3.5245856313339208, 2.7050356873116366], [3.612497723249087, 2.7856217412105266], [3.78832190707942, 2.7196876419174734], [3.6637797465095883, 2.8075997338326397], [3.6711057845258646, 2.8808598711419693], [3.7150617697700903, 3.027379902907198], [3.8249518543073697, 3.144596025460753], [3.993450000121426, 3.210530124753807], [4.147296191329646, 3.19587817014797], [4.257186275866926, 3.0566839335455867], [4.359750443814645, 2.8588817570931413], [4.367076360404205, 2.7196876419174734], [4.352424405798367, 2.609797557380194], [4.345098367782092, 2.485255396810363], [4.220556328638976, 2.5218854654650276], [4.286490306505314, 2.470603442204526], [4.40370642905887, 2.433973373549861], [4.498944558990312, 2.397343304895196], [4.5575526202670895, 2.302105296390469], [4.528248589628701, 2.3900173883056355], [4.425684421680982, 2.455951366171974], [4.3744023984204805, 2.5365374200708644], [4.381728436436757, 2.6610795806406955], [4.440336497713535, 2.792947779226803], [4.5575526202670895, 2.6977096492953603], [4.63813867416598, 2.609797557380194], [4.689420697426481, 2.5878195647580813], [4.835940850618425, 2.5585155341196923], [5.02641711048131, 2.5511894961034165], [5.253523317572145, 2.5878195647580813], [5.458651532040867, 2.595145481347642], [5.671105663099149, 2.6171235953964698], [5.898211870189984, 2.639101588018583], [6.096014046642429, 2.609797557380194], [6.257186275866925, 2.6171235953964698], [6.550226582250813, 2.646427626034859], [6.755354796719535, 2.631775550002307], [6.821288774585874, 2.6024715193639176], [6.989786920399931, 2.668405618656972], [7.165611104230263, 2.734339717950025], [7.216893248917479, 2.7856217412105266], [7.260849234161705, 2.9174898183699187], [7.312131257422206, 3.020053986317637], [7.414695425369925, 3.1006400402165277], [7.561215578561869, 3.1006400402165277], [7.704247142222254, 3.0505789625787143], [7.663779625082873, 3.0859879641839756], [7.583193571183982, 3.1739000560991424], [7.575867533167706, 3.320420209291086], [7.605171563806095, 3.4815924385155825], [7.7077357317538135, 3.5621784924144726], [7.868907839551594, 3.5548524543981963], [8.06671001600404, 3.4815924385155825], [8.264512192456486, 3.364376315962027], [8.41103234564843, 3.2618121480143083], [8.528248468201985, 3.144596025460753], [8.608834522100874, 2.9687718416304203], [8.608834522100874, 2.8295777264547524], [8.476966444941484, 2.7856217412105266], [8.315794215716988, 2.756317710572138], [8.183926138557595, 2.727013679933749], [8.279164268489037, 2.727013679933749], [8.425684421680982, 2.748991672555862], [8.56487853685665, 2.763643748588414], [8.660116545361376, 2.6903836112790844], [8.682094659410206, 2.5511894961034165], [8.557552498840375, 2.5218854654650276], [8.396380391042593, 2.4486254495824133], [8.271838230472762, 2.3680392742568075], [8.125318077280818, 2.346061281634695], [7.971471886072598, 2.3900173883056355], [7.8249517328806535, 2.3753653122730833], [7.7443656789817625, 2.3240832890125818], [7.87623387756787, 2.346061281634695], [8.022754030759815, 2.331409327028858], [8.154622107919206, 2.30943121298003], [8.205904131179707, 2.228845159081139], [8.213230169195985, 2.30943121298003], [8.30114226111115, 2.3753653122730833], [8.41103234564843, 2.4266473355335854], [8.53557450621826, 2.4925814348266386], [8.682094659410206, 2.4779294802208023], [8.740702720686983, 2.3680392742568075], [8.791984743947484, 2.1702370978043617], [8.850592805224263, 2.0310429826286938], [8.791984743947484, 1.891848867453026], [8.704072652032318, 1.752654752277358], [8.601508484084599, 1.6061345990854137], [8.513596513596148, 1.4815924385155825], [8.433010338270543, 1.584156606463301], [8.352424284371653, 1.7306766382285297], [8.30114226111115, 1.818588730143696], [8.198578093163432, 1.88452282943675], [8.286490185078598, 1.7819587829157466], [8.352424284371653, 1.642764546313363], [8.38172831501004, 1.4742664004993065], [8.367076360404205, 1.3204203307178017], [8.257186154440209, 1.1885521321316945], [8.088688008626153, 1.0859880856106914], [7.949493893450485, 0.9541198870245838], [7.8249517328806535, 0.9174899397966344], [7.751691716998039, 1.0273800243339135], [7.700409693737537, 1.1812262155421338], [7.700409693737537, 1.3204203307178017], [7.773669709620152, 1.4229843772388049], [7.868907839551594, 1.5035704311376952], [7.905537908206259, 1.6134606371016897], [7.890885832173707, 1.7233507216389692], [7.83227777089693, 1.8478927607820848], [7.766343671603876, 1.9577829667460795], [7.678431701115424, 2.0310429826286938], [7.612497601822371, 2.0310429826286938], [7.700409693737537, 1.9577829667460795], [7.780995747636428, 1.862544836814637], [7.83227777089693, 1.7599806688669186], [7.861581801535317, 1.642764546313363], [7.8249517328806535, 1.5402004997923602], [7.737039640965488, 1.4303104152550807], [7.663779625082873, 1.3423983233399144], [7.671105663099148, 1.2178561627700832], [7.685757617704986, 1.0859880856106914], [7.7443656789817625, 0.9760980010734119], [7.7883217856527045, 0.8442298024873047], [7.649127670477036, 0.7196877633441887], [7.553889540545593, 0.646427626034859], [7.400043349337374, 0.543863579513856], [7.25352319614543, 0.44129941156613745], [7.0996771263639245, 0.40466934291147255], [6.916526904517316, 0.3314093270288582], [6.740702720686983, 0.26547522773580456], [6.579530612889203, 0.18488917383691417], [6.381728436436757, 0.12628111256013655], [6.169274183951758, 0.11895507454386053], [5.964145969483036, 0.16291118121480141], [5.744365800408479, 0.18488917383691417], [5.531911547923481, 0.22151924249157903], [5.334109371471036, 0.28745334178463267], [5.172937142246539, 0.36071335766724705], [5.004438996432483, 0.45595148759868953], [4.799310781963761, 0.5218854654650279], [4.660116666788093, 0.5218854654650279], [4.469640528351923, 0.5878195647580815], [4.367076360404205, 0.675731656673248], [4.286490306505314, 0.8149257718489159], [4.2132302906227, 0.9834239176629728], [4.191252298000587, 1.1445961468874688], [4.191252298000587, 1.291116300079413], [4.235208283244813, 1.4669404839097457], [4.191252298000587, 1.3790283919945794], [4.1546222293459225, 1.2105301247538072], [4.161948267362198, 