{"name": "American beaver", "scale": 0.0313381994035839, "slice_polygons": [[[[[28.22384424563909, 12.367306385866373], [27.93187344958176, 12.107776893831634], [27.41281415213029, 11.913129696460082], [27.055961061409775, 11.945570687100677], [26.796431255993042, 11.556276292357573], [26.407136861249935, 11.329188104345425], [25.920518867821055, 11.458952693671797], [25.82319526913528, 11.71848249908853], [26.407136861249935, 12.20510049251741], [26.017842466506835, 11.945570687100677], [25.531224473077952, 11.783364793751716], [24.947282880963293, 11.815806097774304], [24.460664887534413, 12.042894285786454], [23.941605903464936, 12.20510049251741], [23.48742890067665, 12.010453295145858], [23.22789940864191, 11.65359989104335], [22.935928612584583, 11.166981897614468], [22.80616370987622, 10.712805208208177], [22.579075208482074, 10.485716706814035], [22.124898519075785, 10.550599314859214], [21.76804542835527, 10.87501110155714], [21.995133616367415, 11.231864505659649], [22.384428011110522, 11.621158900402754], [22.579075208482074, 11.945570687100677], [22.287104412424746, 11.556276292357573], [21.96269262572682, 11.361629094986021], [21.703162820310087, 11.68604119506594], [21.44363332827535, 11.848247088414901], [21.76804542835527, 11.491393997694386], [21.703162820310087, 11.134540906973871], [21.313868425566984, 10.907452405579729], [21.021897629509656, 11.134540906973871], [21.216544826881208, 10.712805208208177], [21.50851562293854, 10.355952117487663], [21.313868425566984, 10.031540017407744], [20.892133040183282, 9.64224562266464], [20.14598524133767, 9.350274826607311], [19.464720050537238, 9.025862726527393], [18.686131261051024, 8.604127341143691], [18.004866070250593, 8.08506804369222], [18.588807662365248, 8.214832946400586], [19.399837755874053, 8.474362438435325], [20.113544250697075, 8.766333234492654], [20.729926833452325, 9.090745334572572], [21.281427434926385, 9.577363328001454], [21.800486418995863, 9.869334124058781], [22.157339823098376, 9.772010525373005], [22.124898519075785, 9.3827161306299], [21.93025132170423, 8.896098137201019], [21.670721829669493, 8.377038839749549], [21.44363332827535, 7.857979542298077], [21.054338933532247, 7.501126451577562], [20.535279636080773, 7.046949448789277], [20.081102946674484, 6.690096358068763], [19.5944849532456, 6.6252140634055765], [18.978102057108355, 6.495449160697211], [18.523925367702063, 6.430566866034025], [18.47549782139972, 6.382139319731678], [18.199092708986147, 6.105734207318109], [17.680453970170674, 5.911507568582553], [17.226277280764382, 5.684419067188411], [16.723438635324207, 5.408668923142377], [16.220599989884033, 5.26268368180471], [15.652879049780669, 5.100477475073753], [15.320356937077097, 4.6057491556392245], [15.150040404340492, 4.070469519558452], [14.687753388928554, 3.5351895700956866], [14.079480818796954, 3.1458951753525817], [13.495539226682297, 2.9269173133460806], [12.789943057864921, 2.8782553573121956], [12.060016224412596, 2.8782553573121956], [11.646390851652548, 2.951247977981029], [11.208434814257553, 3.218888109403409], [10.843471084149398, 3.6568441467984054], [10.69748584281173, 4.289447694946948], [10.770478463480563, 4.800396353010777], [10.600162244125952, 5.214021725770825], [10.113544250697073, 5.214021725770825], [9.553933323217363, 5.1896907477538825], [9.01865368713659, 5.287014346439658], [8.70235191306232, 5.8709559385543155], [8.556366671724653, 6.5765521073716915], [8.629359292393486, 7.1604936994863495], [9.115977285822368, 7.403802852891786], [8.726682891079264, 7.622781028280281], [8.264395875667324, 7.793097247634891], [7.534468728833006, 8.012075423023386], [6.877534516049515, 8.231053285029887], [6.293592923934858, 8.523024081087216], [5.87996755117481, 8.790664212509595], [5.44201120039782, 9.03397305253304], [5.101378761688601, 9.398936469259203], [4.95539320696894, 9.81256184201925], [5.1987023603743765, 10.226187214779296], [5.7096513318202, 10.664143565556287], [5.952960171843643, 11.126430580968224], [6.317923588569806, 11.418401377025553], [5.952960171843643, 11.321077778339777], [5.660989375786315, 10.883121427562786], [5.417680535762871, 10.44516539016779], [4.95539320696894, 10.42083441215085], [4.712084366945496, 10.73713618622512], [4.712084366945496, 11.199423201637059], [4.979724184985882, 11.613048574397107], [5.028386141019767, 11.97801199112327], [4.760746009597387, 11.661710217048999], [4.444444548905109, 11.36973942099167], [4.201135395499672, 11.296746800322836], [4.4931061915570005, 11.807695771768659], [4.979724184985882, 12.245651809163654], [5.539334799083596, 12.29431376519754], [6.293592923934858, 12.075335589809045], [7.072181713421067, 12.026673947157153], [7.899432145559168, 11.8320267497856], [9.01865368713659, 11.588717596380162], [10.040551316646244, 11.442732355042496], [11.159772858223668, 11.34540875635672], [11.500405610314882, 11.540055953728274], [12.060016224412596, 11.588717596380162], [12.643957816527255, 11.491393997694386], [13.203568430624967, 11.540055953728274], [13.811841000756568, 11.588717596380162], [14.347120636837339, 11.613048574397107], [14.931062542333992, 11.661710217048999], [15.39334955774593, 11.734703151099824], [16.074614748546363, 11.783364793751716], [16.731548961329853, 11.759033815734773], [17.339821531461453, 11.807695771768659], [17.899432145559167, 11.880688392437492], [18.434712095021936, 12.026673947157153], [18.7996755117481, 12.221321144528707], [19.237631862525085, 12.488960962569092], [19.772911498605858, 12.707939137957586], [20.137874915332024, 12.999909934014916], [20.673154864794785, 13.364873350741078], [21.013787303504007, 13.583851526129573], [21.622059873635607, 13.681175124815349], [21.03811828152095, 13.754167745484182], [21.20843450087556, 14.046138541541511], [21.573398230983717, 14.313778359581898], [21.98702329036177, 14.119131162210344], [22.278994399801093, 13.705505789450298], [22.157339823098376, 13.41353499339297], [21.64639085165255, 13.19455713138647], [21.20843450087556, 13.097233532700692], [20.648823886777844, 12.926916999964087], [21.111110902189782, 12.975578955997973], [21.47607463229794, 13.072902554683749], [21.938361647709876, 13.19455713138647], [22.37631799848687, 13.364873350741078], [22.765612393229976, 13.170226153369525], [23.154906787973076, 12.732269802592535], [23.0575831892873, 13.145895175352582], [23.446877584030407, 13.218887796021416], [23.81184100075657, 13.340542372724135], [24.055149840780015, 13.681175124815349], [24.274128016168508, 13.486527927443795], [24.371451614854283, 12.90258633532914], [24.444444235523118, 13.364873350741078], [24.371451614854283, 13.535189570095687], [24.66342241091161, 13.583851526129573], [24.347120636837342, 13.72983676746724], [24.347120636837342, 14.046138541541511], [24.687753388928556, 14.265116716930006], [25.198702360374376, 14.411101958267674], [25.563665777100542, 14.435432936284617], [25.757440519000696, 14.192061106480372], [25.73398199645515, 13.851491344169958], [25.41768022238088, 13.535189570095687], [25.70965101843821, 13.60818219076452], [25.90429821580976, 13.72983676746724], [26.074614748546367, 14.119131162210344], [26.26926194591792, 14.143462140227287], [26.609894384627136, 13.948814942855735], [26.95052713671835, 13.705505789450298], [26.731548961329857, 13.462196949426854], [26.51257078594136, 13.316211394707194], [26.901865180684467, 13.364873350741078], [27.218166954758736, 13.60818219076452], [27.55879970684995, 13.60818219076452], [27.972424766228002, 13.510858592078744], [28.264395562285333, 13.145895175352582], [28.33738849633616, 12.707939137957586], [28.22384424563909, 12.367306385866373]]]], [[[[23.154906787973076, 7.768766269617949], [22.789943057864924, 7.233486633537177], [22.30332506443604, 6.86852290342902], [21.98702329036177, 6.479228508685916], [21.573398230983717, 5.9682798506220855], [21.15977285822367, 5.8709559385543155], [20.81914010613246, 5.9196178945882005], [20.86780206216634, 6.235919668662472], [21.18410383624061, 