{"name": "Common shrew cell staining", "scale": 0.0118237454601103, "slice_polygons": [[[[[8.494492067797971, 3.020807817444302], [8.335373303843808, 3.1432068757350002], [8.212974363790563, 3.314565462752015], [8.225214186853414, 3.44920446234302], [8.18849448118995, 3.608323108059728], [8.139534952463636, 3.8041615776773545], [8.078335364199559, 3.9877601059946755], [8.115055069863024, 4.20807833997546], [8.225214186853414, 4.293757692602695], [8.470012303434812, 4.293757692602695], [8.727050243079061, 4.25703798693923], [8.922888712696688, 4.134638928648531], [8.996328124023616, 3.914320694667747], [8.93512853575954, 3.6572827550234983], [8.824969418769147, 3.4614442854058716], [8.751530007442218, 3.2288862283622346], [8.727050243079061, 3.0452877000449146], [8.494492067797971, 3.020807817444302]]]], [[[[5.495716026456765, 1.392900826951575], [5.263157969413129, 1.4541004152156516], [5.018359852831732, 1.5520195909057375], [4.810281560151252, 1.6744186491964363], [4.589963326170468, 1.8090575305499865], [4.381884915252535, 1.9559363532038427], [4.186046563872363, 2.078335411494541], [3.941248447290966, 2.1517748228214697], [3.696450448947023, 2.261933939811862], [3.476132214966239, 2.323133409838484], [3.2558139809854545, 2.4332925268288763], [3.0722154526681336, 2.567931526419881], [2.9742962769780474, 2.7148103490737374], [3.023255805704363, 2.935128583054522], [3.4271725680024687, 2.727050172136589], [3.6230110376200955, 2.5434516438192687], [3.880048977264344, 2.396572821165412], [4.088127269944823, 2.3598531155019478], [4.332925386526219, 2.323133409838484], [4.504283973543234, 2.384332879865106], [4.46756426787977, 2.616891055146197], [4.259485975199291, 2.592411290783039], [4.039167741218507, 2.665850702109967], [4.075887446881971, 2.4577722911920343], [3.929008624228114, 2.494491996855498], [3.6719706845838656, 2.604651232083345], [3.476132214966239, 2.727050172136589], [3.2558139809854545, 2.8739289947904454], [3.0966952170312916, 3.0085679943814503], [3.1578948052953684, 3.1799265813984645], [3.3414933336126884, 3.302325639689163], [3.561811567593473, 3.5226438736699484], [3.806609565937416, 3.4736842267061774], [4.063647505581664, 3.388004874078943], [4.332925386526219, 3.2288862283622346], [4.565483443569856, 3.216646287061929], [4.8714810301778755, 3.204406345761623], [5.128518969822124, 3.2411260514250864], [5.336597380740057, 3.302325639689163], [5.667074731711233, 3.265605934025699], [5.924112671355482, 3.2411260514250864], [6.303549551052976, 3.1799265813984645], [6.548347667634372, 3.1432068757350002], [6.817625430341473, 3.1432068757350002], [7.086903311286028, 3.1799265813984645], [7.343941250930277, 3.2411260514250864], [7.307221545266812, 3.069767464408072], [7.454100367920669, 3.216646287061929], [7.625459073175138, 3.2900856983888573], [7.882497012819386, 3.1799265813984645], [8.066095541136708, 2.9718482887179865], [8.139534952463636, 2.6413709377468093], [7.992656129809778, 2.4455324681291826], [7.698898484502067, 2.2864137041750197], [7.454100367920669, 2.1395348815211634], [7.148102899550105, 2.0048960001676135], [6.817625430341473, 1.8580171775137568], [6.511627961970909, 1.6254590022326658], [6.217870316663195, 1.4785801795788094], [5.94859243571864, 1.4173807095521875], [5.716034260437549, 1.3806610038887233], [5.495716026456765, 1.392900826951575]]]], [[[[2.6682986903700283, 3.2778457570885506], [2.4724602207524016, 3.3635251097157854], [2.4602202794520953, 3.596083284996876], [2.386780868125167, 3.926560635968053], [2.313341456798239, 4.232558104338618], [2.4112607507257797, 4.477356220920015], [2.6193390434062582, 4.599755279210713], [2.8274173360867363, 4.611995102273565], [3.0110159826415117, 4.550795632246943], [3.2068543340216835, 4.52631574964633], [3.317013451012076, 4.330477398266158], [3.243574039685148, 4.134638928648531], [3.17013462835822, 3.963280341631517], [2.913096688713971, 3.90208075336744], [3.047735688304976, 3.889840930304589], [3.17013462835822, 3.853121224641125], [3.21909427532199, 3.6328029906603403], [3.121175099631904, 3.4124847566795555], [2.913096688713971, 3.2411260514250864], [2.6682986903700283, 3.2778457570885506]]]]]}