{"name": "Common shrew fiber staining", "scale": 0.0118819187744665, "slice_polygons": [[[[[4.194341922958566, 1.5350553853662123], [3.8745387721327322, 1.6211561651159436], [3.6285362387413027, 1.805658005749922], [3.4440343981073247, 1.9655596405724325], [3.284132882104002, 2.137761318891083], [3.21033214585041, 2.346863484155717], [3.1488314530929595, 2.5682656929164907], [3.1857318212197554, 2.777367739361937], [3.30873308791547, 2.9249692118691195], [3.505535090864776, 3.0233702727533665], [3.7515375054370175, 3.109471052503098], [3.7761377112484857, 3.2078721133873453], [3.579335827118367, 3.1832717887566897], [3.4686347227379803, 3.281672849640936], [3.284132882104002, 3.220172156883485], [3.1119310849661637, 3.0479704785648347], [2.853628508078594, 2.9987699481227112], [2.5461254007489007, 3.0725706843763025], [2.386223884745578, 3.281672849640936], [2.2878228238613314, 3.77367767878542], [2.312423148491987, 4.01968021217685], [2.4600246209991696, 4.1918818904955], [2.5707257253795563, 4.3394833630026834], [2.755227566013535, 4.413284099256274], [3.0135301429011045, 4.437884305067742], [3.21033214585041, 4.2902828325605595], [3.3333332937269375, 4.105780991926581], [3.3456334560422656, 3.896678945481135], [3.2226321893465504, 3.859778577354339], [3.0504305110278995, 3.859778577354339], [2.89052887620539, 3.9089791077964624], [2.9766297747743087, 3.76137763528928], [3.173431777723615, 3.77367767878542], [3.394833986484389, 3.810578046912216], [3.5547355024877114, 3.712177104847157], [3.6654366068680986, 3.5399754265285064], [3.7515375054370175, 3.3923739540213234], [3.972939714197792, 3.2570725250102806], [4.15744155483177, 3.1832717887566897], [4.403443969404012, 3.146371420629894], [4.637146340480114, 3.0848708466916297], [4.883148755052355, 2.9741697423112434], [5.178351818885909, 2.9372693741844476], [5.362853659519887, 2.9126691683729797], [5.8671586509796985, 2.9126691683729797], [6.1869618018055315, 2.8634686379308563], [6.432964335196961, 2.9003690060576517], [6.592865851200283, 2.9126691683729797], [6.863468590403182, 2.9249692118691195], [7.097170961479283, 2.986469904626571], [7.2816728021132615, 2.9987699481227112], [7.527675216685504, 3.0602706408801623], [7.6506764833812175, 3.1832717887566897], [7.773677750076933, 3.3185732177677316], [7.958179590710911, 3.5153751018978507], [8.068880695091298, 3.5891758381514416], [8.290282903852072, 3.6506765309088927], [8.560885524235783, 3.6506765309088927], [8.671586628616168, 3.6137761627820972], [8.720787159058291, 3.7490774729739518], [8.585485848866437, 3.6875768990356885], [8.40098400823246, 3.712177104847157], [8.277982741536745, 3.7859778411007476], [8.277982741536745, 4.007380049861522], [8.474784744486051, 4.167281684684032], [8.757687527185087, 4.277982789064419], [9.003690060576517, 4.241082420937623], [9.212792107021963, 4.01968021217685], [9.311193049087024, 3.736777310658624], [9.212792107021963, 3.4292743221481192], [9.212792107021963, 3.1586715829452214], [9.077490796830109, 2.9495695364997756], [8.880688793880802, 2.8634686379308563], [8.683886790931496, 2.838868432119388], [8.474784744486051, 2.986469904626571], [8.290282903852072, 3.1586715829452214], [8.15498147484103, 3.3185732177677316], [8.05658053277597, 3.2447724815141403], [8.019680164649175, 3.1340713771337536], [7.884378854457319, 3.1832717887566897], [7.761377587761605, 3.1340713771337536], [7.908979060268788, 3.0602706408801623], [8.179581799471686, 2.986469904626571], [8.40098400823246, 2.838868432119388], [8.351783477790336, 2.678966797296878], [8.15498147484103, 2.5805658552318187], [7.9335792660802555, 2.5190651624743676], [7.761377587761605, 2.5313653247896952], [7.872078692141993, 2.3960638957786524], [8.05658053277597, 2.4821647943475718], [8.253382535725276, 2.592865898727959], [8.462484582170722, 2.6174662233586146], [8.523985156108987, 2.4329642639054483], [8.536285318424314, 2.199262011648534], [8.425584214043926, 1.9901598463839003], [8.204182005283153, 1.7933579622537819], [7.9827797965223795, 1.6580565332427393], [7.712177057319481, 1.6088561216198036], [7.453874480431913, 1.5227552230508845], [7.183271860048203, 1.3997539563551697], [6.888068796214649, 1.3382533824169063], [6.629766219327079, 1.12915133597146], [6.260762538059123, 1.018450231591073], [6.014760123486881, 0.9569495388336218], [5.719557178472516, 0.9938499069604174], [5.375153703016027, 1.0676506432140087], [5.079950758001662, 1.1783517475943956], [4.772447650671968, 1.3505535447322339], [4.4649446621614635, 1.461254649112621], [4.194341922958566, 1.5350553853662123]], [[6.974169694783567, 2.1008609507642872], [6.924969164341445, 2.2976629537135933], [6.937269326656772, 2.1500614812064107], [6.937269326656772, 1.9163591101303088], [6.8511684280878535, 1.7195572260001903], [6.654366543957735, 1.6211561651159436], [6.432964335196961, 1.5473554288623526], [6.174661758309391, 1.5104550607355567], [5.928659224917962, 1.4981550172394167], [5.707257016157188, 1.4981550172394167], [5.485854807396414, 1.5227552230508845], [5.26445259863564, 1.55965559117768], [5.018450184063398, 1.6457564897465993], [4.821648181114092, 1.707257063684863], [4.686346870922237, 1.8548585361920455], [4.600245972353318, 2.0639605826374914], [4.649446502795441, 2.24846242327147], [4.760147607175829, 2.359163527651857], [4.58794581003799, 2.2976629537135933], [4.551045441911194, 2.1623616435217388], [4.57564576654185, 1.9655596405724325], [4.723247239049033, 1.7564575941269862], [4.895448917367683, 1.6211561651159436], [5.1660516565705805, 1.5350553853662123], [5.399754027646682, 1.461254649112621], [5.633456279903596, 1.4366543244819654], [5.842558445168231, 1.4120541186704976], [6.063960653929004, 1.4366543244819654], [6.285362862689778, 1.4858548549240889], [6.5559654830734875, 1.5473554288623526], [6.752767486022795, 1.6088561216198036], [6.912669120845305, 1.781057799938454], [6.9618696512874285, 1.9655596405724325], [6.974169694783567, 2.1008609507642872]]]]]}