{"name": "Philippine flying lemur", "scale": 0.0180407073768578, "slice_polygons": [[[[[8.049413068597707, 2.6426360114637153], [7.701410381009097, 2.6426360114637153], [7.322768226035055, 2.680500208920412], [6.963058169789361, 2.7751607025621543], [6.687886507497475, 2.8700643849393366], [6.612814253111377, 2.926617492388942], [6.527619899037347, 2.8982194344999557], [6.333284677545539, 2.945607321380896], [6.210507019828669, 2.983413968981061], [6.09218144787826, 3.0165450064503654], [5.964389736360139, 3.054409203907062], [5.855530123570367, 3.139603738388167], [5.784534708237292, 3.2011331945606045], [5.680408075027839, 3.2011331945606045], [5.5262278600154415, 3.208696219907131], [5.29320813010251, 3.2863695834828235], [5.086079340974404, 3.381303574248399], [4.81853799586756, 3.5280198073977695], [4.568257458357674, 3.674735860140066], [4.361128669229566, 3.8646040220782902], [4.2144126164872695, 4.0113200748205875], [4.102217818124738, 4.209818550353753], [3.998653513764222, 4.442838280266684], [3.9037195229986463, 4.693118817776571], [3.877828401806749, 4.926138728096575], [3.972762392572324, 5.159158638416579], [4.102217818124738, 5.2368318215851986], [4.292085799655888, 5.193680073203419], [4.594148579549571, 5.003812091672268], [4.844429117059458, 4.87435648571278], [5.068818533377447, 4.78805298894922], [5.310468757292393, 4.710379625373527], [5.517597546420499, 4.641336755799849], [5.741986962738489, 4.494620522650479], [5.957746065461538, 4.339273975906167], [6.164874854589645, 4.158036307969958], [6.389264270907634, 4.002689761225646], [6.609649371816256, 3.884626320753423], [6.363373149715737, 4.054472003609441], [6.1907659757815425, 4.175297115566914], [6.018158621440274, 4.313382854714269], [5.828290639909123, 4.477359715053522], [5.629792344783032, 4.624075948202893], [5.586640415994178, 4.736270746565424], [5.603901223591134, 4.882986979714795], [5.621161850781016, 5.0987460824378426], [5.621161850781016, 5.262722942777096], [5.569379788804295, 5.39217836832951], [5.586640415994178, 5.271353256372038], [5.603901223591134, 5.133267517224683], [5.569379788804295, 4.934769041691516], [5.47444579803872, 4.762161867757322], [5.310468757292393, 4.719009938968469], [5.129231089356184, 4.770792181352263], [4.947993601827048, 4.848465544927956], [4.740864812698941, 4.934769041691516], [4.550996831167791, 5.038333526459106], [4.378389476826523, 5.159158638416579], [4.248934051274109, 5.271353256372038], [4.248934051274109, 5.323135498755832], [4.179891181700431, 5.443960610713305], [4.248934051274109, 5.633828592244456], [4.335237728444742, 5.7978054525837095], [4.438802032805259, 5.961782493330036], [4.576887771952615, 6.099868232477392], [4.697712883910087, 6.255214779221703], [4.8271684898695755, 6.376039891179176], [4.965254229016931, 6.488234689541708], [4.947993601827048, 6.596144278681014], [4.909156829835665, 6.777351818635904], [4.857374767858944, 6.9111225813928625], [4.762440596686294, 7.06215379093263], [4.8012773686776775, 6.98448060776401], [4.870320238251356, 6.850710025414126], [4.913471986633136, 6.703993792264755], [4.939363107825033, 6.557277559115385], [4.904841673038194, 6.470973881944751], [4.771071090688309, 6.345833613189807], [4.658876292325778, 6.220693344434864], [4.572572615155144, 6.125759353669288], [4.477638624389569, 6.0351405197011845], [4.356813512432096, 5.884109129754343], [4.287770642858418, 5.746023390606988], [4.227358086879681, 5.642458905839398], [4.179891181700431, 5.543209758276351], [4.093587504529797, 5.487112359095085], [3.9900230197622064, 5.53889460147888], [3.8735132450092777, 5.625198278649514], [3.7785792542437027, 5.702871461818134], [3.631863021094332, 5.754653704201929], [3.4980922583373735, 5.793490295786238], [3.3988431107743278, 5.884109129754343], [3.299593963211282, 6.030825362903713], [3.2823331556143254, 6.250899622424233], [3.3384305547955915, 6.414876482763485], [3.4851467879449616, 6.583168680307282], [3.666384455881171, 6.708308949062226], [3.8562524374123215, 6.811873253422743], [4.063381226540429, 6.915437738190334], [4.3222920776452565, 7.174348589295161], [4.456062840402216, 7.2822282308602215], [4.6416156651358955, 7.342640786838959], [4.797986563245065, 7.39917260625386], [5.058150341477216, 7.39917260625386], [5.411973173684619, 7.326326755565139], [5.651323748630238, 7.243074303233154], [5.973926775907841, 7.253480904876421], [6.254903757426526, 7.3471397784446], [6.45262810620615, 7.492831479822038], [6.619133010870122, 7.638523181199477], [6.93254970995143, 7.740148470331128], [7.326778314470783, 7.74075842664754], [7.680601146678187, 7.68014940736547], [8.107269649167236, 7.576083932154025], [8.50271852713356, 7.409579207897126], [8.866947780577156, 7.263887326112613], [9.168737784975301, 7.388766004610592], [9.595406467871422, 7.565677330510758], [9.829390293186572, 7.625961617060045], [10.12077369594145, 7.677994264462231], [10.464189926505588, 7.698807467748764], [10.745166727617198, 7.698807467748764], [11.03655031077915, 7.677994264462231], [11.327933713534026, 7.584335390894052], [11.546471265600184, 7.46986331403934], [11.712975989857084, 7.334578214305167], [11.962733166445968, 7.1784799112844615], [12.181270718512124, 7.0952274589524755], [12.493467324553537, 7.136853685118469], [12.76403752402188, 7.230512558686647], [12.878509600876592, 7.251325761973181], [13.05542110718383, 7.355391237184627], [13.253145455963457, 7.41783048623008], [13.523715835838873, 7.39701746335062], [13.482089609672881, 7.220106137450455], [13.482089609672881, 7.074414436073016], [13.7214401846185, 6.99116198374103], [13.90875811216193, 6.928722734695577], [14.05444981353937, 6.751811408795413], [14.325020193414787, 6.647745753176893], [14.522744722601486, 6.481241028919995], [14.585183971646938, 6.293923101376563], [14.481118496435492, 6.158638001642391], [14.377053021224047, 6.0337593231444115], [14.231361139439533, 5.867254598887514], [14.127295664228088, 5.6903430925802745], [14.05444981353937, 5.638310445178089], [13.928957209769356, 5.664565627844851], [13.78380185862223, 5.778847916457959], [13.66420423639468, 5.908880644646433], [13.544528858718333, 6.018149601086585], [13.414447059805795, 6.127418377119665], [13.27395865924999, 6.2314838523311105], [13.159486582395276, 6.3199394250776555], [13.024201302254031, 6.387581974944742], [12.98777837690967, 6.429208201110735], [13.008591580196205, 6.595713105774707], [13.018998181839473, 6.788234334139773], [12.998184978552938, 6.6373393319407], [12.972168654851846, 6.470834427276728], [12.914932526220953, 6.3511590496003825], [12.81607035183114, 6.257500176032203], [12.691191673333162, 6.184654325343484], [12.535093550719528, 6.106605173833131], [12.665175349632069, 6.122215076298031], [12.769240824843514, 6.184654325343484], [12.90972922539932, 6.283516499733296], [12.998184978552938, 6.3511590496003825], [13.190706206918003, 6.273110078497103], [13.341601209117075, 6.158638001642391], [13.461276406386348, 6.059775646845504], [13.612171408585418, 5.929693847932966], [13.700627161739039, 5.810018470256621], [13.830708960651577, 5.685139972165715], [13.99721386531555, 5.586277617368829], [14.07005971600427, 5.41977289311193], [14.044043392303175, 5.305300816257218], [13.94518103750629, 5.206438641867406], [13.794286035307218, 5.097169865834327], [13.653797634751413, 5.0243240151456074], [13.513309234195608, 4.956681284871447], [13.352007630353269, 4.889038735004362], [13.18550290609637, 4.863022411303269], [13.018998181839473, 4.8578191104816355], [12.883712901698225, 4.8578191104816355], [12.712004876619694, 4.863022411303269], [12.607939401408249, 4.899445336647628], [12.57151647606389, 5.0347304363818015], [12.488264023731903, 5.185625438580873], [12.368588646055558, 5.367740065302671], [12.415418173043184, 5.258471289269592], [12.519483648254628, 5.0867632641910605], [12.54549997195572, 4.935868261991988], [12.540296851541163, 4.816192884315643], [12.436231195922643, 4.70172080746093], [12.254490733471842, 