{"name": "Guineapig", "scale": 0.018967419738984, "slice_polygons": [[[[[7.085927949904161, 1.9348640218091946], [6.793713415640807, 2.074989249266492], [6.5384584161324435, 2.1927993074008745], [6.283203226949881, 2.271339219707665], [6.027948037767319, 2.4284194236696406], [5.870868023479542, 2.565864365043622], [5.929773052546732, 2.7425794522451965], [6.047583110681115, 2.9192945394467706], [6.145758095901702, 3.1156446995621407], [6.204663124968893, 3.410169844898098], [6.4010132850842645, 3.6261550779272644], [6.518823343218647, 3.8421401212822337], [6.302838299863677, 3.9010451503494252], [6.165393168815498, 3.6654250340806596], [6.047583110681115, 3.3512648158309064], [5.929773052546732, 3.056739670494949], [5.753057965345159, 2.9389296123605666], [5.595977951057381, 3.154914655715536], [5.556707805229788, 3.410169844898098], [5.576342878143584, 3.6065200050134685], [5.733422892431362, 3.881410077435629], [5.831598067326146, 4.077760237551], [5.537072921990189, 3.8421401212822337], [5.340722761874819, 3.8421401212822337], [5.203277630826639, 4.058125164637203], [5.242547776654232, 4.313380353819765], [5.556707805229788, 4.411555339040351], [5.399627790942009, 4.470460368107543], [5.144372601759447, 4.333015426733561], [4.98729258747167, 4.136665266618191], [4.751672471202904, 4.313380353819765], [4.594592267240929, 4.470460368107543], [4.594592267240929, 4.863160688338285], [4.948022631318275, 4.961335673558871], [5.438897747095405, 5.079145731693254], [5.988678081613924, 5.098780804607049], [6.283203226949881, 5.295130775048223], [6.499188270304851, 5.432575906096401], [6.9115234737751905, 5.275495891808624], [7.304223794005931, 5.295130775048223], [7.775464026543462, 5.412940833182606], [8.227069186167197, 5.432575906096401], [8.776849520685715, 5.37367087702921], [9.149914768002661, 5.157685833674241], [9.483709869492014, 4.941700600645075], [9.71932998576078, 5.118415687846649], [10.131665189231118, 5.275495891808624], [10.504730436548064, 5.37367087702921], [11.01524062523899, 5.334400920875815], [11.447210901623126, 5.216590862741432], [11.996991236141644, 5.157685833674241], [12.37005629378439, 5.17732071691384], [12.802026570168529, 5.275495891808624], [13.11618678841828, 5.393305949943007], [13.41071193375424, 5.354035804115415], [13.233996846552664, 5.098780804607049], [13.076916642590689, 4.863160688338285], [13.233996846552664, 4.68644560113671], [13.607061904195412, 4.627540572069519], [13.901587049531368, 4.470460368107543], [13.6856020061764, 4.450825484867944], [13.54815687512822, 4.293745280905969], [13.587427020955811, 3.979585252330413], [13.46961696282143, 3.7439651360616475], [13.292901875619856, 3.8028701651288386], [13.096551715504484, 3.9599501794166168], [13.175091817485473, 4.215205368599179], [13.018011613523498, 4.097395310464796], [12.841296526321923, 4.195570295685383], [12.91983662830291, 4.431190411954148], [12.821661643082324, 4.450825484867944], [12.762756614015132, 4.195570295685383], [12.9787416573701, 4.018855208483808], [13.233996846552664, 3.8028701651288386], [13.41071193375424, 3.567250048860073], [13.391076860840442, 3.233454757696524], [13.11618678841828, 2.9192945394467706], [12.900201555389115, 2.8211195542261835], [12.782391497254732, 3.056739670494949], [12.821661643082324, 3.3905347719843015], [12.684216512034146, 3.6261550779272644], [12.428961322851583, 3.8421401212822337], [12.468231468679177, 3.6065200050134685], [12.487866351918774, 3.6065200050134685], [12.583058520711209, 3.4559957000100754], [12.56674957452284, 3.4629258261601077], [12.66857597771738, 3.3422473251385987], [12.727311627726301, 3.1902775130768974], [12.712585512715151, 3.0282887305606705], [12.658589251876409, 2.920296208883186], [12.614410337820367, 2.773033541378109], [12.629136642505713, 2.611044758861882], [12.702767976258254, 2.4785083960421517], [12.604592991037666, 2.316519613525925], [12.481874164674835, 2.193800787163093], [12.25607139518877, 2.0661731925718123], [12.005725163908854, 1.9827243223623754], [11.833918844935729, 1.9336368297520823], [11.617933611906562, 1.9189105250667349], [11.431400988248091, 1.9581806708943275], [11.30377339365681, 2.061264424343363], [11.244868364589617, 2.174165714249297], [11.328317234799053, 2.2379795115449372], [11.406857336780043, 2.321428381754374], [11.554119814610921, 2.4146945987465114], [11.711200018572896, 2.5521397297946904], [11.799557467336586, 2.7092197440824686], [11.789739930879687, 2.8024861507488037], [11.716108786801346, 2.6306796421014806], [11.578663655753166, 2.483417164270601], [11.446127292933436, 2.3754246425931163], [11.293956046874108, 2.272340889144081], [11.127058306455234, 2.1643481777923985], [11.009248248320851, 2.179074482477746], [10.915982031328715, 2.2968845406121288], [10.88652942195802, 2.449055976345655], [10.911073263100265, 2.611044758861882], [10.96016075571056, 2.743581121681612], [11.122149727900982, 2.812303497531504], [11.313590930113708, 2.8761172948271447], [11.205598408436224, 2.856482411587546], [11.038700857691547, 2.817212265759953], [10.984704596852803, 2.935022323894336], [11.014157016549301, 3.1411900204666043], [11.068153277388044, 3.3522662955931253], [11.068153277388044, 3.538798919251597], [10.989613365081254, 3.7155140064531715], [10.96506952393901, 3.5878864118618905], [10.876712075175318, 3.347357527364676], [10.739266944127142, 3.1951862813053467], [10.822715814336577, 2.969383701493479], [10.785900052623209, 2.8073949189772525], [10.708587142699333, 2.663813827643512], [10.708587142699333, 2.465009283413917], [10.830078777005054, 2.2993389247263534], [10.896346958414918, 2.0453109276009034], [10.90739168692893, 1.8133723875034748], [10.697542603859521, 1.5924785759200564], [10.277844248046508, 1.4599422131003266], [9.935458802157369, 1.3936740316904614], [9.637252080650075, 1.3936740316904614], [9.272777177732916, 1.4599422131003266], [8.919347003329769, 1.4709869416143366], [8.55487210041261, 1.5593445800522228], [8.245620650391306, 1.7250149387397864], [8.035771567321897, 1.8244171160174854], [8.013682110293876, 1.9900874747050492], [8.17935246898144, 2.1115791090107687], [8.27875464625914, 2.3324731102683844], [8.16830774046743, 2.4870987404419376], [8.035771567321897, 2.663813827643512], [8.013682110293876, 2.8405289148450863], [7.9695033859120326, 3.039333459074681], [7.9253244718559905, 3.2602272706580995], [7.881145747474147, 3.5363445351373723], [7.859056480120324, 3.3485847194217877], [7.881145747474147, 3.1497803648663902], [7.9253244718559905, 2.906797096254951], [7.9695033859120326, 2.7190372805393666], [8.06890556318973, 2.498143468955948], [8.17935246898144, 2.2993389247263534], [8.113084287571576, 2.0674003846289244], [7.9253244718559905, 1.923819293295184], [7.748609384654417, 1.8133723875034748], [7.549805030099019, 1.8685958403993295], [7.4283133957933, 2.0232216602470805], [7.339955757355414, 2.255160200344509], [7.207419584209881, 2.4760540119279275], [7.085927949904161, 2.663813827643512], [6.9754808544382545, 2.796350190463242], [7.041749035848119, 2.663813827643512], [7.119061945771995, 2.5202327363097714], [7.229508851563704, 2.3545623776222078], [7.339955757355414, 2.1447132945528], [7.30682176148758, 1.923819293295184], [7.085927949904161, 1.9348640218091946]], [[10.277836851319151, 1.990085483285869], [10.277844248046508, 1.9900874747050492], [10.277849795994491, 1.9900891817679405], [10.277836851319151, 1.990085483285869]]]]]}