{"name": "Rock hyrax", "scale": 0.0236051562678458, "slice_polygons": [[[[[17.04672797657509, 9.995633636219354], [16.941234880853152, 9.709295064937253], [16.685037261506334, 9.573661017280024], [16.323346546437577, 9.603801969215311], [16.00686702322019, 9.649013397118242], [15.735599163957296, 9.709295064937253], [15.509542260494205, 9.98056316025171], [15.419119640739906, 10.251831255566168], [15.750669639924938, 10.387465303223397], [16.18771249878035, 10.372394827255754], [16.534332737881464, 10.372394827255754], [16.850812261098852, 10.281971971449893], [17.04672797657509, 9.995633636219354]]]], [[[[17.020638377610055, 6.011648365648025], [16.951623982229755, 5.707985734129388], [16.7721870263441, 5.307703185129894], [16.50993303205364, 5.031646075711816], [16.206270400535004, 4.948829037307017], [15.930213291116926, 5.059251833863936], [15.654156417750412, 5.238688789749593], [15.447113703712635, 5.418125981686813], [15.309085149003595, 5.694182855053328], [15.295282269927535, 5.942634206319287], [15.61274778052223, 6.053057002876205], [16.013030329521722, 6.163479563381562], [16.44091863667334, 6.3291138762427215], [16.855004064748897, 6.43953667279964], [17.020638377610055, 6.246296837837922], [17.020638377610055, 6.011648365648025]]]], [[[[16.71517821344162, 7.629573394279014], [16.549403213849107, 7.358305298964556], [16.308276070469937, 7.1171781555853855], [16.097289879026054, 7.011685059863442], [15.795880831776307, 6.996614583895799], [15.56982416436478, 7.102107679617742], [15.404049164772264, 7.4185872028351305], [15.494472020578126, 7.735066490000955], [15.81095130774395, 7.885771013625828], [16.112360354993694, 8.021405061283058], [16.458980594094808, 8.111827681037356], [16.76038940529299, 7.99126410934777], [16.71517821344162, 7.629573394279014]]]], [[[[12.990206893411425, 2.3953023095249484], [12.714149783993346, 2.271076633891969], [12.38288163037415, 2.0916396780063122], [12.037810361627335, 1.953611123297273], [11.678936213804459, 1.8707940848924745], [11.251047906652841, 1.898399843044595], [10.905976873957588, 1.953611123297273], [10.436679929577792, 2.0502310407781317], [10.022594501502237, 2.1468509582589905], [9.760340507211781, 2.29868239204409], [9.608509073426683, 2.5195279851579273], [9.360057958212286, 2.7403733422202023], [9.23583228257931, 2.96121893533404], [9.125409486022388, 3.2510789238281785], [8.780338217275572, 3.499530039042574], [8.352449910123957, 3.609952835599493], [7.952167361124462, 3.7617842693845924], [7.5242790539728475, 3.913615467118129], [7.179208021277592, 4.134461060231967], [6.820333873454716, 4.382912411497925], [6.544277000088201, 4.64516640578838], [6.337234286050422, 4.921223279154897], [6.213008610417444, 5.197280388572975], [6.185402852265323, 5.556154300344289], [6.268220126721685, 5.901225569091106], [6.461459961683401, 6.149676920357064], [6.696108197821737, 6.246296837837922], [6.916953790935575, 6.191085321533682], [7.082588103796734, 5.859816931862925], [7.262025059682392, 5.487140141015551], [7.5242790539728475, 5.169674630420855], [7.7865332843148645, 4.921223279154897], [8.062590157681381, 4.686575043016561], [8.33864726709946, 4.520940730155401], [8.559492624161734, 4.369109532421865], [8.876958134756432, 4.175869697460147], [9.23583228257931, 4.051644021827168], [8.876958134756432, 4.217278098636766], [8.628507019542035, 4.355306653345805], [8.366252789200017, 4.5347436092314615], [8.117801673985623, 4.714180565117119], [7.883153201795724, 4.921223279154897], [7.620898971453705, 5.128265993192674], [7.413856257415929, 5.3629144653825715], [7.22061642245421, 5.63897157480065], [7.041179466568554, 5.997845486571965], [6.985968186315875, 6.3291138762427215], [7.137799384049412, 6.508550832128379], [7.427659136491989, 6.536156590280498], [7.634701850529766, 6.4257337937235794], [7.827941685491482, 6.066859645900703], [8.076393036757441, 5.680379975977268], [8.380055668276079, 5.307703185129894], [8.628507019542035, 4.948829037307017], [8.959775409212792, 4.658969284864441], [9.304846441908046, 4.493335208054844], [9.718931869983601, 4.313898016117625], [10.050200259654359, 4.286292494017066], [10.312454253944814, 4.217278098636766], [10.754145440172488, 4.093052423003786], [11.195836626400164, 4.024038263675048], [11.637527812627841, 4.106855302079847], [12.120627400032133, 4.134461060231967], [12.589924344411928, 4.203475219560706], [12.990206893411425, 4.327700895193684], [13.431897843587537, 4.479532328978784], [13.804574870486473, 4.64516640578838], [14.163448782257788, 4.879814877978279], [14.425703012599806, 5.169674630420855], [14.632745726637584, 5.5285487782437315], [14.894999720928038, 5.680379975977268], [15.129648193117935, 5.61136581664853], [15.350493786231773, 5.349111586306512], [15.350493786231773, 5.142068872268734], [15.143451072193997, 4.879814877978279], [14.96401411630834, 4.63136352671232], [14.729365644118442, 4.4105179335984825], [14.453308770751928, 4.148263939308027], [14.204857419485968, 3.96882698342237], [13.776969112334355, 3.747981390308532], [13.638940557625315, 3.6789669949282313], [13.41809520056304, 3.5961499565234325], [13.073023931816222, 3.540938676270755], [12.727952663069406, 3.5133329181186346], [12.962601135259304, 3.5133329181186346], [13.25246088770188, 3.540938676270755], [13.583729277372635, 3.609952835599493], [13.763166233258294, 3.706572753080352], [14.02542046360031, 3.8446013077893912], [14.342885974195008, 4.024038263675048], [14.646548605713644, 4.300095137041564], [14.867394198827482, 4.520940730155401], [15.046831154713137, 4.700377922092621], [15.281479626903035, 4.990237674535197], [15.50232498396531, 5.142068872268734], [15.79218497245945, 5.017843432687318], [15.999227686497228, 4.935026158230956], [16.178664642382884, 4.714180565117119], [16.109650483054146, 4.4519265708266635], [15.90260776901637, 4.079249779979289], [15.59894490144617, 3.8446013077893912], [15.281479626903035, 3.6789669949282313], [14.88119684185198, 3.540938676270755], [14.549928688232786, 3.471924280890454], [14.204857419485968, 3.333895962232977], [13.859786150739152, 3.1544587702957574], [13.707954953005615, 2.9336134132334823], [13.500912238967837, 2.671359182891464], [13.211052486525261, 2.5195279851579273], [12.990206893411425, 2.3953023095249484]]]], [[[[14.494717171928544, 5.707985734129388], [14.163448782257788, 5.514745899167671], [13.859786150739152, 5.431928860762873], [13.528517761068397, 5.431928860762873], [13.25246088770188, 5.4043231026107525], [13.144685881523523, 5.570439196711339], [13.030886603414054, 5.7297570058067855], [12.921192498031122, 5.825309970224337], [12.610628426974456, 5.859816931862925], [12.42429003155077, 5.908127008629136], [12.265557394279202, 6.080662524976763], [12.003303163937185, 6.177282442457621], [11.782457570823347, 6.197986761071712], [11.499499257918801, 6.197986761071712], [11.278653664804963, 6.177282442457621], [11.119921027533396, 6.018549805186055], [10.974991033286326, 5.866718371400956], [10.752941341151265, 5.7540344369251395], [10.478714575550196, 5.701800711084087], [10.2175461823965, 5.6626255937419705], [9.878027318507005, 5.636508612795663], [9.590742180458562, 5.610391867900918], [9.277340297515376, 5.623450240348291], [8.976996550967998, 5.649566985243036], [8.61136094218376, 5.767092809372512], [8.33713417658269, 5.962969104237785], [8.102082528323738, 6.237195869838855], [7.971498567798451, 6.550597988833603], [7.971498567798451, 6.8770582442241635], [8.010673685140569, 7.099051520035744], [7.893147861011093, 7.307986187348388], [7.906206469510027, 7.595271325396832], [8.062907410981621, 7.856439718550528], [8.376309293924807, 8.039257404916865], [8.728886766313236, 8.130666484151597], [9.146756100938529, 8.169841601493715], [9.512391709722767, 8.156783229046342], [9.904144299453312, 8.026199032469494], [10.295896653132296, 7.882556463445273], [10.687649242862841, 7.830322737604221], [11.079401832593387, 7.869498090997901], [11.471154422323934, 7.895614835892646], 