{"name": "Tail-less Tenrec", "scale": 0.0199185355797032, "slice_polygons": [[[[[5.899170500553198, 5.772994345884653], [5.993324422311676, 5.622347672700376], [5.899170500553198, 5.92364101906893], [5.74852382736892, 6.1872723983633815], [5.6167081377216945, 6.394411424602746], [5.447230680185722, 6.620381434379162], [5.258922438298054, 6.808689676266829], [5.240091653946357, 6.940505365914055], [5.503723033240808, 7.0158287025061945], [5.729693043017225, 7.0346594868578896], [6.219294432088092, 6.846351244970221], [6.539418363622986, 6.733366339674691], [6.972527399638765, 6.6957047709713], [7.462128788709633, 6.639212218730857], [7.895237625540057, 6.639212218730857], [8.328346661555836, 6.658043003082553], [8.742624714034564, 6.639212218730857], [9.100410413458206, 6.620381434379162], [9.307549439697569, 6.545058097787023], [9.439365129344795, 6.450903976843189], [9.759489260065045, 6.432073192491492], [10.11727476030333, 6.375580640251051], [10.43739889102358, 6.394411424602746], [10.644537917262944, 6.432073192491492], [10.908169495742753, 6.545058097787023], [11.360109116924871, 6.639212218730857], [11.79321815294065, 6.676873787434248], [12.226326989771074, 6.733366339674691], [12.546451120491325, 6.733366339674691], [12.79125171543408, 6.6957047709713], [13.017221725210495, 6.601550650027465], [13.33734565674539, 6.620381434379162], [13.789285477112864, 6.6957047709713], [13.996424503352229, 6.752197124026386], [14.203563529591595, 6.940505365914055], [14.504856676774791, 6.996997918154498], [14.749657470902903, 6.959336150265751], [14.843811591846737, 6.884013012858968], [15.050950618086102, 6.827520460618525], [15.050950618086102, 6.658043003082553], [14.843811591846737, 6.432073192491492], [14.617841582070323, 6.262595734955521], [14.523687461126487, 6.093118277419547], [14.448364124534349, 5.92364101906893], [14.373040987127565, 5.660009440589124], [14.410702555830959, 5.3210545255171775], [14.448364124534349, 5.71650179364421], [14.523687461126487, 6.0177951400127645], [14.693164918662461, 6.281426519307216], [14.824980608309687, 6.413242408139797], [14.975627281493963, 6.526227313435327], [15.220427876436718, 6.714535555322995], [15.559382791508664, 6.789858891915134], [15.766521817748028, 6.6957047709713], [15.917168490932305, 6.507396529083632], [15.935999275284, 6.319088287195963], [15.973660843987393, 6.130780045308295], [15.973660843987393, 5.92364101906893], [15.935999275284, 5.772994345884653], [15.747691033396334, 5.660009440589124], [15.653536912452498, 5.565855319645289], [15.804183585636776, 5.584686103996986], [15.973660843987393, 5.622347672700376], [16.067814964931227, 5.565855319645289], [16.143138301523365, 5.377547077757621], [16.143138301523365, 5.151577267166561], [16.12430751717167, 4.906776473038449], [15.954830059635698, 4.661975678910339], [15.69119848115589, 4.4548366526709735], [15.389905333972692, 4.341851747375444], [15.050950618086102, 4.3041901786720524], [14.7684882552546, 4.323020963023748], [14.467195108071401, 4.266528410783306], [14.278886866183733, 4.02172781584055], [14.599010797718627, 4.078220168895637], [14.99445806584566, 4.13471272113608], [15.295751213028856, 4.115881936784384], [15.540552007156968, 4.059389384543941], [15.597044360212056, 3.927573694896716], [15.389905333972692, 3.626280547713517], [15.069781402437798, 3.3626489692337103], [14.843811591846737, 3.174340727346042], [14.542518245478185, 3.023694054161765], [14.260055882646682, 2.948370916754982], [13.996424503352229, 2.967201701106678], [13.770454493575814, 3.023694054161765], [13.469161346392616, 2.703570122626871], [13.318514872393695, 2.4587693284987595], [13.130206630506025, 2.2892920701481425], [12.828913483322829, 2.0821530439087783], [12.697097594490247, 1.9315063707245013], [12.508789352602577, 1.7431981288368328], [12.395804447307048, 1.5548898869491643], [12.113342084475546, 1.3477508607098003], [11.812048937292346, 1.2159351710625745], [11.491925005757453, 1.1217810501187404], [11.058815969741673, 1.0464577135266018], [10.343244770079746, 1.0464577135266018], [9.872474165360575, 1.0841192822299932], [9.477026897233541, 1.1782734031738273], [9.156902766513292, 1.3289200763581044], [8.912102171570536, 1.4983975338940774], [8.704963145331174, 1.6113824391896072], [8.591978240035644, 1.8373522497806671], [8.460162351203062, 1.9126755863728058], [8.121207635316471, 2.063322060371727], [7.819914288947917, 2.308122854499838], [7.537452125301771, 2.534092665090898], [7.254989762470268, 2.797724243570705], [7.029019752693852, 3.0048632698100692], [6.784219157751098, 3.0801866064022074], [6.5017567949195945, 3.1555099429943465], [6.40760267397576, 3.4191413222887976], [6.369940906087013, 3.1931715116977375], [6.219294432088092, 3.174340727346042], [5.899170500553198, 3.2496640639381806], [5.579046369832948, 3.456803090177545], [5.221260670409306, 3.7580962373607427], [4.919967523226108, 4.13471272113608], [4.731659281338439, 4.4548366526709735], [4.712828496986743, 4.737299015502477], [4.957629291114856, 4.774960783391224], [5.145937533002524, 4.737299015502477], [5.466061464537417, 4.737299015502477], [5.936832069256589, 4.643144894558643], [5.729693043017225, 4.79379156774292], [5.353076559241887, 4.850283920798006], [5.05178341205869, 4.850283920798006], [4.806982617930578, 4.925607257390145], [4.599843591691214, 5.000930593982283], [4.411535349803546, 5.151577267166561], [4.27971966015632, 5.3022237411654825], [4.260888676619269, 5.584686103996986], [4.373873781100154, 5.885979251180183], [4.430366134155242, 6.017794940827408], [4.373873781100154, 6.168441614011686], [4.355042797563103, 6.413242408139797], [4.468027902043988, 6.733366339674691], [4.675166928283352, 6.996997918154498], [4.9011367388744125, 7.0723210555612805], [5.05178341205869, 6.9216745815623595], [5.183599101705916, 6.789858891915134], [5.353076559241887, 6.639212218730857], [5.52255401677786, 6.450903976843189], [5.6732004907767815, 6.206103182715077], [5.82384716396106, 5.998964156475713], [5.899170500553198, 5.772994345884653]], [[8.331385034973163, 3.2126500468264854], [8.114497678235738, 3.2710428273612315], [7.944627825548844, 3.3802448043794646], [7.802816815562368, 3.47048812004758], [7.635221858824033, 3.5736235086843022], [7.454735227487802, 3.715434518670779], [7.287140270749467, 3.8830292762237577], [7.209788828864603, 4.050624232962093], [7.222680702647855, 4.218218990515072], [7.300032343718074, 4.360030000501549], [7.467627101271053, 4.488949136704774], [7.699681426925645, 4.630760146691251], [7.802816815562368, 4.746787209925868], [7.82860056312887, 4.9530577880139575], [7.867276184478625, 5.146436492318795], [7.854384310695374, 5.314031249871775], [7.82860056312887, 5.23667980798691], [7.815708689345619, 5.069085050433931], [7.78992474259376, 4.888598219912344], [7.7512491212440064, 4.746787209925868], [7.635221858824033, 4.630760146691251], [7.480518975054305, 4.553408704806387], [7.338707965067829, 4.437381442386412], [7.209788828864603, 4.282678558616685], [7.158221333731598, 4.050624232962093], [7.209788828864603, 3.9217050967588682], [7.3515998388510795, 3.754110140020533], [7.5191947955894145, 3.612299130034056], [7.699681426925645, 3.47048812004758], [8.060654888783462, 3.238433794392988], [8.318493161189913, 3.12240673115837], [8.364207594642822, 3.10545048019008], [8.42162835064128, 3.0966227844065117], [8.627898928729367, 3.0450550900881503], [8.795493686282347, 2.9934875949551447], [9.053331958688798, 2.916136153070281], [9.246710662993635, 2.86456845875192], [9.452981241081725, 2.787217016867056], [9.620575998634704, 2.6711897544470817], [9.76238700862118, 2.5809464387789665], [10.174928164797358, 2.426243555009239], [9.826846576722792, 2.3746758606908775], [9.414305420546615, 2.348892113124375], [9.092007779223907, 2.3360002393411237], [8.821277633034205, 2.3617839869076263], [8.408736476858028, 2.426243555009239], [8.821277633034205, 2.3360002393411237], [9.311170231095248, 2.2973244188060136], [10.007333208059023, 