{"name": "Weasel", "scale": 0.0182794587415707, "slice_polygons": [[[[[5.4577324552710715, 5.327823019617392], [5.414776547783464, 5.320352358502594], [5.3497771688280755, 5.242353359668549], [5.332444037665555, 5.155687521061363], [5.27611131568872, 5.082021667922008], [5.176445857202879, 5.073355193738042], [5.063780413249207, 5.073355193738042], [4.925115181154463, 5.064688536759488], [4.82978286836331, 5.1383543898988435], [4.786450131854306, 5.268352965015035], [4.799449934527548, 5.4113515255990565], [4.825449722668622, 5.532683443736693], [4.907782049991942, 5.662682018852885], [4.981447903131299, 5.78401411978511], [5.081113544411727, 5.853346644435189], [5.206778791038642, 5.918345840595991], [5.302111103829793, 5.953012285715617], [5.427776350456708, 5.957345431410306], [5.505775532085339, 5.914012694901301], [5.6834403549944, 5.914012694901301], [5.787439141969517, 5.957345431410306], [5.830772061273111, 6.078677532342532], [5.934770848248229, 6.139343582808644], [6.01277002987686, 6.247675698273039], [6.069102751853696, 6.403673878735716], [6.1254354738305326, 6.481673060364348], [6.264100523130689, 6.5900051758287415], [6.454765148712993, 6.663671028968097], [6.509855781468339, 6.7584869470498], [6.5962423099459535, 6.810318900695286], [6.682628838423567, 6.706654993404314], [6.769015549695769, 6.602991086113342], [6.898595342412192, 6.395663271531396], [6.993620560296485, 6.171058260930681], [7.071368582162007, 5.946453067535378], [7.097284467587458, 5.65273872447582], [7.071368582162007, 5.488604174132683], [7.090646647734631, 5.378908593840754], [7.288696723032291, 5.25630607052599], [7.533901769661819, 5.067686733582281], [7.750813870051145, 5.039393970136665], [7.930002285846315, 5.039393970136665], [8.222362121013123, 4.992238998804797], [8.448705142550988, 4.982808077656259], [8.703341110329054, 5.048824891285203], [8.854236579884022, 5.0865487586739455], [9.118303468810627, 5.067686733582281], [9.278629859514133, 5.105410600971022], [9.618144483218222, 5.077117654730819], [9.891642293293367, 5.0582558124337424], [10.165140286163098, 5.0582558124337424], [10.523516752164264, 5.0865487586739455], [10.806445666182535, 5.161996310656842], [10.966772056886041, 5.237444045434325], [11.193115078423903, 5.369477489897628], [11.344010547978872, 5.510942038304057], [11.440825142079376, 5.664195192447512], [11.561069980805653, 5.841025740859608], [11.645948636731676, 6.032002579597217], [11.744973765777798, 6.180540364563696], [11.780339948578053, 6.27956549360982], [11.836925658263873, 6.413956622661611], [11.907657841069794, 6.569567461393554], [11.964243550755612, 6.718105063565447], [12.056195443241684, 6.767617719485802], [12.211806464768214, 6.590787171073707], [12.367417303500158, 6.413956622661611], [12.544247851912255, 6.244199310809567], [12.65034603472384, 6.102734945197725], [12.692785454084145, 6.046149052717319], [12.91205523906196, 6.05322228927737], [13.117178733714256, 5.982490106471448], [13.286936045566302, 5.883464977425325], [13.223277099320432, 5.742000611813483], [13.152544916514511, 5.572243299961439], [13.166691206840026, 5.416632461229496], [13.223277099320432, 5.2751679128230675], [13.19498415308023, 5.169069547216893], [13.00400713154803, 5.1266303106511755], [12.770590873450116, 5.0983373644109715], [12.586687088477971, 5.070044600965356], [12.438149486306079, 5.041751654725153], [12.16229380884786, 4.9780927084792825], [12.353270830380058, 4.942726525679029], [12.636199744398326, 4.963946235359182], [12.876689239056292, 4.999312235364848], [13.06059302402844, 5.034678418165102], [13.286936045566302, 5.048824891285203], [13.499132776778652, 5.041751654725153], [13.555718486464471, 4.89321405255326], [13.550570990882843, 4.719578570734604], [13.488795377271119, 4.490126761648562], [13.435845086339823, 4.340100480356757], [13.3387692787739, 4.234199532904991], [13.206393094459193, 4.216549435927892], [13.029891759099034, 4.225374575813735], [13.135792523756212, 4.128298768247812], [13.074017092939075, 3.9606223899789077], [12.923990811647267, 3.7752959147329053], [12.835740143967188, 3.6693949672811392], [12.738664336401264, 3.6693949672811392], [12.641588528835342, 3.8723715395042406], [12.650413668721185, 3.7841208718241606], [12.650413668721185, 3.634094590532355], [12.65923862581244, 3.501718589012235], [12.535687581383577, 3.4487681152863523], [12.368011203114673, 3.325217070857488], [12.306235772297534, 3.2987420167891344], [12.262110438457494, 3.5105437288980785], [12.18268472786867, 3.7046953440299237], [12.120909297051531, 3.8723715395042406], [11.909107584942587, 4.0576981975448305], [11.988533112736823, 3.845896485435887], [12.103259200074433, 3.5899692566923154], [12.173859770777414, 3.4222928784234106], [12.262110438457494, 3.228141446086153], [12.165034630891572, 3.0957652617714455], [12.015008349599764, 2.9545641203654824], [11.847331971330862, 2.8927886895483446], [11.714955969810742, 2.9104387865254426], [11.609055022358975, 3.0869401218856027], [11.55610473142768, 3.281091737017448], [11.441378644090072, 3.519368685989334], [11.37077807338709, 3.7576456349612197], [11.379603213272933, 3.642919730418198], [11.432553686998816, 3.439943158195097], [11.564929688518937, 3.201666209223211], [11.626705302130661, 2.981039357228424], [11.64435539910776, 2.8133629789595203], [11.520804354678896, 2.680986794644813], [11.335477879432894, 2.6192113638276746], [11.203101695118185, 2.6545117405764587], [11.158976361278146, 2.5839111698734776], [11.026600359758026, 2.513310599170496], [10.8998778292375, 2.4603601254446135], [10.723376311082752, 2.3765219363101613], [10.568937551245318, 2.372109274969946], [10.560112594154065, 2.530960696147595], [10.661600880265613, 2.6942244130762836], [10.723376311082752, 2.804537839073677], [10.798389543125948, 2.9104387865254426], [10.864577452488716, 3.016339551182621], [10.926353066100441, 3.1045904016572887], [10.838102215625774, 2.998689454205523], [10.75426402649132, 2.8751384097766586], [10.6395381219483, 2.703049552962127], [10.538049835836748, 2.588323648419105], [10.401261172976415, 2.570673551442007], [10.304185365410493, 2.6147988852820467], [10.211522219184785, 2.738349929710911], [10.242409934593354, 2.8707259312310307], [10.321835645182178, 2.998689454205523], [10.423323931293728, 3.1266529771800147], [10.498336980542339, 3.2104911663144664], [10.604237927994102, 3.3472798291748016], [10.617475546425574, 3.439943158195097], [10.657188401719987, 3.6164444935552567], [10.613062885085359, 3.5943819180325303], [10.573350212585533, 3.457593255172195], [10.533637357291123, 3.3296297321977035], [10.427736409839357, 3.1840159294515256], [10.313010505296337, 3.0604650678172485], [10.149746605573059, 2.9413265019340122], [9.99972050707584, 2.8751384097766586], [9.75703089676374, 2.817775457505148], [9.527579087677697, 2.7913002206422064], [9.26282690184287, 2.7780626022107358], [9.059850329619769, 2.7560000266880094], [8.861286053147708, 2.7648249837792647], [8.798186641133919, 2.763633711453077], [8.641529668978196, 2.816310176092424], [8.482361281985966, 2.824687469239098], [8.28968390520163, 2.8749510453245577], [8.09700652841729, 2.9754783802900637], [7.988101900305111, 3.0927603015489185], [7.87919727219293, 3.210042222807774], [7.8038018166674465, 3.335701254418716], [7.736783654288639, 3.5032469345576183], [7.6781427850565045, 3.587019683229775], [7.728406361141964, 3.4278514790321353], [7.8038018166674465, 3.2603057988932336], [7.89595185848628, 3.1262694741356163], [8.00485648659846, 3.017364846023436], [8.155647580444013, 2.8917056316179064], [8.348324957228352, 2.816310176092424], [8.5745113238048, 2.749292013713615], [8.79232058002916, 2.7157828411269174], [8.993375249960172, 2.7157828411269174], [9.20280721303786, 2.6990282548335682], [9.395484589822198, 2.7157828411269174], [9.613293663251973, 2.7409147205669404], [9.839480212623007, 2.774423710359051], [10.065666761994043, 2.8330647623857725], [10.174571390106225, 2.7325374274202665], [10.29185312857049,