{"name": "Yellow mongoose", "scale": 0.0299831505188186, "slice_polygons": [[[[[22.624999342244635, 8.204692749838836], [22.46513008317281, 7.984112708101991], [22.313055243909854, 7.815140864364158], [22.076494482777985, 7.629271716319937], [21.873728330258885, 7.510991485669755], [21.603372960514243, 7.629271716319937], [21.400606807995146, 7.899626786233073], [21.231634664425805, 8.119290542890065], [21.282326277513455, 8.440337225890852], [21.113354433775623, 8.203776464758981], [20.87679367264375, 8.186879160452596], [20.700022911624465, 8.175830969149422], [20.758513142162062, 8.16998185614621], [20.99507390329393, 8.119290542890065], [21.214737659950924, 8.034804321189643], [21.451298421082793, 7.764449251276505], [21.637167569127012, 7.561683098757406], [21.67096187790828, 7.375813650881681], [21.48509272986406, 7.173047498362582], [21.164046046863273, 6.88579512414306], [20.893690976950136, 6.699925976098841], [20.7247188333808, 6.564748441142274], [20.572643994117843, 6.4802625192733565], [20.369877841598747, 6.497159523748237], [20.268494615423442, 6.615440054229924], [20.268494615423442, 6.835103511055409], [20.319186228511093, 7.020972659099629], [20.45436376346766, 7.206841807143848], [20.33608353281748, 7.1223558852749305], [20.200905698029405, 6.9364867372307115], [20.21780300233579, 6.750617589186493], [20.268494615423442, 6.497159523748237], [20.184008693554524, 6.361981988791668], [19.947447932422655, 6.2605987626163655], [19.710887171290786, 6.159215836272569], [19.54191532755295, 6.159215836272569], [19.406737492764876, 6.378879293098053], [19.406737492764876, 6.716823280405226], [19.423634797071262, 6.970281046011977], [19.37294318398361, 7.240636115925113], [19.271559957808307, 7.443402568275718], [19.17017703146451, 7.713757638188854], [19.220868344720657, 7.510991485669755], [19.288457262114694, 7.291327729012765], [19.339148875202344, 7.07166427218728], [19.37294318398361, 6.852000815361794], [19.271559957808307, 6.632337058704805], [19.051896500982824, 6.64923436301119], [18.83223304415734, 6.683028671792456], [19.01810219220156, 6.615440054229924], [19.220868344720657, 6.4802625192733565], [19.32225157089596, 6.277496066922751], [19.37294318398361, 6.040935305790881], [19.08569080976409, 5.855066157746661], [18.71395251367565, 5.635402700921176], [18.426700139456127, 5.483327861658223], [18.17324237384938, 5.348150326701655], [17.71701815589202, 5.162281178657436], [17.345279859803583, 5.044000948007253], [16.905952646321108, 4.95951472630683], [16.46662573267014, 4.875028804437913], [16.04419582349405, 4.824337191350263], [15.638662918792841, 4.841234495656648], [15.081055474660182, 4.90882311321918], [14.557242339308788, 4.976412030613217], [14.168607038745469, 5.060897952482133], [13.864457360219564, 5.1960754874387005], [13.712382820788115, 5.398841939789306], [13.729279825262994, 5.584711087833525], [13.999634895176131, 5.652299705396056], [14.24447940113334, 5.631862590339419], [14.4474107608118, 5.626954048767983], [14.717765830724936, 5.550916779052259], [14.996569552791264, 5.474879209505031], [15.326064887945243, 5.449533552876956], [15.664008875252417, 5.4241875964173785], [16.061092827968928, 5.407290591942499], [16.38213951096972, 5.4241875964173785], [16.703186193970506, 5.491776513811415], [17.024233176802795, 5.56781378352714], [17.3283825554972, 5.610056744461598], [17.598737625410333, 5.69454296616202], [17.826849734389015, 5.795925892505817], [18.105653456455343, 5.964898036075156], [17.96202726934558, 5.905757770834313], [17.674775194957565, 5.779028888030937], [17.37907416858485, 5.669197009702442], [17.074924490058944, 5.584711087833525], [16.762326459211348, 5.525570822592681], [16.46662573267014, 5.491776513811415], [16.1962703629255, 5.474879209505031], [15.841429371143443, 5.4664305573518375], [15.537279692617538, 5.4664305573518375], [15.30071923131717, 5.483327861658223], [14.996569552791264, 5.517122170439489], [14.73466313503132, 5.56781378352714], [14.650176913330899, 5.6016083921399105], [14.286887269395654, 5.669197009702442], [14.084121116876554, 5.745234279418167], [13.898251968832334, 5.838168853440276], [13.74617712956938, 5.931103427462386], [13.560307981525161, 5.990243692703229], [13.382887485634136, 6.0324866536376875], [13.180121033283529, 6.13386987981299], [13.019597541867384, 6.235253105988293], [12.859074350282743, 6.361981988791668], [12.630962241304065, 6.530954132361007], [12.538027667281956, 6.590094097770346], [12.783037080567018, 6.387327945251246], [12.99425188523931, 6.2521504102946786], [13.180121033283529, 6.0324866536376875], [13.146326724502265, 5.838168853440276], [13.028046194020575, 5.719888622790093], [12.740793819801054, 5.787477540184129], [12.453541745413037, 5.863514809899854], [12.14939206688713, 5.981795040550037], [11.88792969958637, 6.140217912440835], [11.69675923069892, 6.249458223209594], [11.478278908992907, 6.426973465856259], [11.532899214293039, 6.7137290192716845], [11.628484298821013, 7.041449651746456], [11.683104304289639, 7.369170284221227], [11.724069383348985, 7.696890916695997], [11.751379535999051, 7.915371238402011], [11.724069383348985, 8.325022028995475], [11.737724309758265, 8.106541407457957], [11.710414456939704, 7.8061309276332524], [11.669449377880358, 7.505720447808546], [11.628484298821013, 7.164344888924495], [11.519243988052253, 6.8912442619183505], [11.43731382993356, 6.590833782093645], [11.218833508227547, 6.563523629443579], [10.932077954812122, 6.75469409833103], [10.71359763310611, 6.904899488159137], [10.495117311400097, 7.096069657215082], [10.536082390459445, 7.287240126102534], [10.604357322337352, 7.546685526867893], [10.6453224013967, 7.860750933101879], [10.618012548578138, 8.051921401989329], [10.590702395928071, 7.778820774983185], [10.522427164218659, 7.4647553687492], [10.358566847981274, 7.300895052511815], [10.085466520806635, 7.4374452160991344], [9.826021120041275, 7.614960758577306], [9.607540498503758, 7.847096006692598], [9.361750024147678, 8.092886481048678], [9.266164939619706, 8.311366802754689], [9.211544934151078, 8.51619219805142], [9.334440171329119, 8.652742361638742], [9.593885572094479, 8.62543250882018], [9.470990334916438, 8.734672519757433], [9.498300487566503, 9.035083299413644], [9.68947065662245, 9.22625346846959], [9.853330972859837, 9.33549377923835], [10.222016684393953, 9.253563621119657], [10.481462085159313, 9.185288389410244], [10.167396678925327, 9.321838552997564], [9.92160620456925, 9.376458858297696], [9.894296051919182, 9.513009021885015], [9.744090961922582, 9.690524264531682], [9.798710967391209, 9.567629027353643], [9.826021120041275, 9.431078863766322], [9.66216080380389, 9.308183626588285], [9.511955413975784, 9.103358231291551], [9.430025255857093, 8.925842988644884], [9.293475092269771, 8.693707440698088], [9.10230462338232, 8.62543250882018], [8.979409386204281, 8.714190130143512], [8.808721606762255, 8.89853283599482], [8.678998906379576, 9.137495847146258], [8.597068748260883, 9.369631395093055], [8.474173511082844, 9.642731722267696], [8.419553505614218, 9.9431422020924], [8.446863658264283, 10.161622823629918], [8.52879351655147, 10.250380444953251], [8.808721606762255, 10.311827913626518], [9.143269702441668, 10.352792992685865], [8.911134454326374, 10.325483139867304], [8.590241285056242, 10.305000450421879], [8.358105737109444, 10.325483139867304], [8.173763031258138, 10.448378077213837], [8.018887465905221, 10.670425494337074], [7.910934331788236, 11.009707629651901], [7.910934331788236, 11.395255265374793], [7.957199832196299, 11.749959234158974], [8.188528533562636, 12.027553435933376], [8.373591434689404, 12.228038170529498], [8.60492013605574, 12.351413437947343], [8.527810369045959, 12.629007939553249], [8.512388535576603, 12.952867941567217], [8.682029603234017, 13.199618476402907], [8.867092504360787, 13.322993743820753], [9.036733272186694, 13.461790844707952], [9.298905940323246, 13.446369011238598], [9.422281207741092, 13.26130611011183], 