{"name": "Nine-banded armadillo", "scale": 0.0223104884640495, "slice_polygons": [[[[[9.15519550591799, 2.051253081970876], [8.590078195584807, 2.1702251003347284], [7.965474652964813, 2.4230408624627993], [7.207027589685485, 2.67585662459087], [6.522937814778681, 3.0327729027873116], [5.928077499854535, 3.300460167210864], [5.422445975598394, 3.5978904362253794], [4.931686176742618, 3.89532048213501], [4.52801536960626, 4.285821184826155], [4.215713598296263, 4.791452485977411], [3.9480263338727113, 5.207854773355779], [3.7100822971450067, 5.6391287861345125], [3.516752544198862, 6.0852740781038435], [3.516752544198862, 6.338089840231914], [3.6803392925540437, 6.695006118428355], [3.4423950327214543, 6.5909053792551004], [3.115221759115976, 6.457061858595766], [2.7285624763285714, 6.5611623746641365], [2.337865441338943, 6.8854558104186765], [1.9970035675363471, 7.342004483158794], [1.8482885445815318, 7.817892779719087], [1.7739308099992395, 8.085580044142638], [1.5508582755670164, 8.353267308566192], [1.5211152709760531, 8.829155605126486], [1.4467577594986456, 9.200943385618407], [1.5657297778624981, 9.72144641217003], [1.6252157870444242, 10.212206211025807], [1.7293163031127947, 10.851681255941282], [1.7144448008173134, 11.387055784788386], [1.8929030514679763, 12.011659327408381], [2.1903333204824915, 12.770106390687708], [2.512237972237185, 13.284736850465823], [3.0045510272998275, 13.59959919653684], [3.4358248169736765, 13.7929287263781], [3.8968418343433733, 13.659085205718766], [4.268629614835296, 13.421140945886178], [4.640417395327219, 13.495498680468469], [4.982462171228179, 13.569856191945878], [5.309635444833658, 13.688828210309728], [5.904495982862689, 13.629342201127804], [6.26141226105913, 13.540113187354915], [6.439870288604908, 13.317040429817805], [6.930630310565569, 13.346783434408769], [7.391647104830381, 13.331911932113288], [8.045993652041338, 13.2426829183404], [8.49213894401067, 13.212939913749434], [8.968027463675845, 13.272425922931362], [9.607502508591322, 13.51037018276395], [10.055059385165773, 13.610602952552192], [10.425607148708863, 13.59616985135503], [10.782523426905305, 13.239253573158589], [10.946110175260486, 12.926951801848592], [11.005596184442414, 12.65926453742504], [10.946110175260486, 12.391577496106372], [10.842009436087231, 12.079275724796377], [10.812266431496267, 11.796716958077342], [11.050210691328857, 11.677744939713488], [11.258411946570485, 11.811588460372823], [11.213797216579154, 12.079275724796377], [11.15431120739723, 12.391577496106372], [11.139439705101747, 12.763365276598297], [11.30302645345693, 13.090538550203773], [11.645071229357889, 13.40284032151377], [12.016859009849812, 13.551555344468586], [12.596848045583359, 13.328482586931479], [13.087607844439136, 13.1500245593857], [13.697339884763648, 13.04592404331733], [14.2773289204972, 12.98643781103052], [14.782960221648453, 12.971566308735035], [15.318334750495557, 12.882337294962147], [15.734737037873927, 12.793108281189259], [15.823966051646815, 13.1500245593857], [16.2254968367297, 13.239253573158589], [16.496601175566408, 13.403260874221319], [16.99280607223672, 13.40437015170775], [17.424079861910567, 13.211040398761606], [17.8702251538799, 13.136682887284197], [18.242013157476705, 12.883867125156128], [18.584057933377668, 13.062325375806791], [19.193789750597297, 13.077196878102272], [19.744035781739882, 12.735152102201312], [20.109079993988658, 12.41485045904276], [20.32106086908098, 11.81867538703343], [20.44836674730569, 11.417198593332625], [20.50785275648762, 10.822338055303595], [20.492981254192138, 10.346449535638415], [20.478109751896657, 9.974661755146494], [20.582210267965028, 9.543387965472643], [20.62682499795636, 9.15672868268524], [20.582210267965028, 8.591611149247171], [20.463238249601176, 7.967007606627178], [20.25503699435955, 7.4167617985894765], [20.017092957631846, 6.940873278924298], [19.71966268861733, 6.583957000727857], [19.466846926489257, 6.137811708758526], [19.214031164361188, 5.870124444334973], [18.88685789075571, 5.617308682206903], [18.529941612559266, 5.513208166138532], [18.232511343544754, 5.617308682206903], [17.964824302226084, 5.840381439744011], [17.87559506534831, 5.39423614777468], [17.607908024029644, 5.022448367282757], [17.488935782560905, 4.725018098268241], [17.176634011250908, 4.516816843026615], [16.99817598370513, 4.576302852208541], [16.953561476818685, 4.338358815480837], [16.671002710099653, 3.996314039579877], [16.314086431903213, 3.654269263678917], [15.991543253968675, 3.368238984954877], [15.530526459703864, 3.05593721364488], [14.98028042856128, 2.7733784469258462], [14.400291392827729, 2.5354344101981416], [13.850045584790028, 2.4462053964252526], [13.344414060533886, 2.282618648070071], [12.809039754791666, 2.0595458905329633], [12.273665225944562, 1.9257023698736297], [11.812648431679749, 1.881087862987185], [11.593692628578912, 1.8920347272569555], [11.275216206481607, 2.1149885698905497], [11.096758178935827, 2.3975473366095836], [10.799327909921312, 2.665234601033136], [10.591126654679687, 2.8139496239879516], [10.53164064549776, 3.0221508792295775], [10.487026138611315, 3.408810162016982], [10.487026138611315, 3.7805979425089054], [10.62086965927065, 4.107771216114384], [10.76958490533035, 4.241614736773718], [10.63574116156613, 4.360586978242454], [10.561383650088723, 4.583659512674678], [10.546512147793242, 4.881089781689193], [10.53164064549776, 5.178520050703708], [10.72497017533902, 5.3718498036498525], [11.275216206481607, 5.3421067990588895], [10.754713403034868, 5.4759503197182235], [10.501897640906796, 5.461078817422742], [10.115238358119392, 5.4759503197182235], [9.86242259599132, 5.3421067990588895], [10.1895958695968, 5.401592808240816], [10.42754012942939, 5.252877562181116], [10.501897640906796, 5.074419534635338], [10.516769143202279, 4.732374758734378], [10.576255152384205, 4.434944489719862], [10.442411631724871, 4.16725722529631], [10.546512147793242, 4.003670700046013], [10.457283134020352, 3.8549554539863125], [10.442411631724871, 3.572396687267279], [10.442411631724871, 3.200608906775356], [10.39779690173354, 2.932921642351803], [10.234210376483244, 2.724720610215062], [10.02600912124162, 2.516519354973436], [9.84755109369584, 2.293446820541213], [9.683964345340659, 2.040631058413142], [9.460891810908436, 2.0257595561176607], [9.15519550591799, 2.051253081970876]]]]]}