{"name": "Eastern mole", "scale": 0.0121426715334494, "slice_polygons": [[[[[5.659023219216506, 0.36317759142824524], [5.432024353342026, 0.36317759142824524], [5.257991942123169, 0.416144046083867], [5.061259535032821, 0.40101075597844427], [4.81912737905292, 0.40101075597844427], [4.516462305504758, 0.4539770892073507], [4.289463439630279, 0.514510128202326], [3.9338317899997812, 0.5674765828579477], [3.6689998810018185, 0.6734093707424756], [3.3133682313713204, 0.7869088643930727], [3.0939360712629105, 0.9155415267223771], [2.8593704996223623, 1.029040898946259], [2.639938339513953, 1.1425403925968558], [2.412939473639474, 1.2182066002705387], [2.185940607764995, 1.392239132916111], [1.9967749064407156, 1.573838249901037], [1.800042499350367, 1.7403040767805404], [1.6033102136867334, 1.8916366135546212], [1.399011222257031, 2.0051361072052183], [1.217412105272105, 2.194301808529498], [1.0784334010894403, 2.320155134771511], [0.9202034626042143, 2.5313514064856433], [0.8252860206279704, 2.7700348008966142], [0.7407144990783712, 2.996364484142885], [0.7269198170827958, 3.2034428116598788], [0.8149399787746101, 3.425654429282295], [0.9614852672966283, 3.581774214308438], [1.1720123563825522, 3.7605939952060727], [1.2992042907344128, 3.986254252970704], [1.4381828734903621, 4.19811982873976], [1.6314666404384959, 4.34667302942655], [1.8681421226846957, 4.434023887063439], [2.110274278664597, 4.411324012618664], [2.2389069409939015, 4.290257934628713], [2.375106309089275, 4.070825774520303], [2.5415721359687784, 3.96489286520906], [2.745871127398481, 3.9497596965303523], [2.980436577612313, 4.0254259042040355], [3.1923022748080845, 3.9875928610805516], [3.3512013959215188, 4.0254259042040355], [3.6009001362407735, 4.116225523409856], [3.8127658334365453, 4.138925397854632], [4.001931534760826, 4.063259068754234], [4.221363694869234, 3.942192990764284], [4.4559292665097825, 3.9270598220855764], [4.81912737905292, 4.048125778648811], [5.059843699532021, 4.160322242217154], [5.363414859230009, 4.274321528228068], [5.6206801838886165, 4.289454818333491], [5.847679049763096, 4.259188238122645], [6.051978041192798, 4.145688865898764], [6.142777538971903, 4.107855701348565], [6.309243487278122, 4.191088614788316], [6.4605760240522025, 4.236488363677869], [6.695141474266035, 4.221355194999162], [6.937273630245937, 4.198655320554385], [7.22480553511539, 4.122988991453987], [7.406404652100317, 4.070022536798366], [7.640970102314149, 3.8505903766899556], [7.943635297289026, 3.8884235412401544], [8.158229088498217, 3.9278036821437157], [8.400361244478118, 3.9656367252671987], [8.612226820247175, 3.9883365997119755], [8.808959227337525, 4.003469889817398], [8.975425054217027, 4.079136218917796], [9.111624422312401, 4.215335465586454], [9.30079012363668, 4.222902171352523], [9.48995582496096, 4.2683019202420756], [9.603455197184841, 4.328834959237051], [9.777487729830414, 4.472600911671778], [9.943953556709918, 4.58610028389566], [10.231485461579371, 4.661766612996058], [10.541717240893602, 4.616366864106506], [10.791415981212857, 4.472600911671778], [11.04111472153211, 4.321268374897698], [11.252980297301168, 4.101836093362572], [11.411879539841317, 3.852137353043317], [11.449712704391516, 3.602438612724062], [11.42701282994674, 3.3224732921939615], [11.381613081057187, 3.1181743007642595], [11.298380046190722, 2.9441418895454023], [11.230280422856392, 2.8079425214500287], [11.11678105063251, 2.6566099846759483], [10.942748517986937, 2.5355439066859975], [10.791415981212857, 2.4750108676910223], [10.640083444438776, 2.4598775775855994], [10.52658395078818, 2.4977107421357982], [10.519017366448825, 2.3085450408115187], [10.50409341600064, 2.1315511534323686], [10.39815832100852, 1.9272029841829557], [10.269525658679216, 1.738037282858676], [10.110626416139066, 1.5715714559791727], [9.96686046370434, 1.4202387977783766], [9.754994887935283, 1.2386396807934505], [9.475029688831897, 1.0040742305796182], [9.210197658407221, 0.8527416938055374], [8.998332082638164, 0.7241090314762331], [8.763766510997616, 0.5954762477202133], [8.531338656680534, 0.5112857632033339], [8.274073332021922, 0.4734525986531348], [8.009241301597246, 0.44318601844228944], [7.774675851383413, 0.4204861439975131], [7.517410405298089, 0.40535297531880576], [7.282844955084257, 0.39021968521338307], [7.093679253759978, 0.3523865206631841], [6.874246972224852, 0.30698677177363143], [6.700214561005994, 0.2842868973288551], [6.465648989365447, 0.29185348166820874], [6.3067497468252975, 0.31455335611298507], [6.2083836647068384, 0.39778626955273677], [6.132717335606441, 0.4961524730979111], [6.079750880950819, 0.6020852609824392], [6.064617712272112, 0.7458512134171662], [6.057051006506043, 0.9804166636309986], [6.072184296611465, 1.1771490707213472], [6.079750880950819, 1.336048313261497], [6.087317586716888, 1.4949474343749316], [6.2083836647068384, 1.6084469280255285], [6.034351132061266, 1.6235802181309513], [6.049484422166689, 1.5252140145857769], [6.064617712272112, 1.4117145209351798], [6.064617712272112, 1.2452486940556764], [6.049484422166689, 1.0712162828368195], [6.049484422166689, 0.8669172914071169], [6.057051006506043, 0.6626182999774145], [6.019217963382559, 0.5718188021983092], [5.9284183441767375, 0.46588589288706583], [5.8149189719528565, 0.37508639510796044], [5.659023219216506, 0.36317759142824524]]]]]}