{"name": "American beaver", "scale": 0.0313381994035839, "slice_polygons": [[[[[15.216786695104203, 4.445382814595253], [15.074227972489323, 4.139899613719087], [15.15569005492897, 3.752954330403275], [15.094593414753737, 3.304912406912229], [14.931669249874444, 2.9586983215072373], [14.503992768647812, 2.5717530381914253], [14.055950845156767, 2.205173197140026], [13.689371004105368, 1.9811523920855003], [13.18023244043909, 1.8589591117350341], [12.752556272594452, 1.9607866364390931], [12.100858986313293, 2.1237111147003795], [11.652817062822248, 2.408828559930139], [11.082581858980737, 2.6939463185418915], [10.573443295314458, 2.897601681332004], [10.125401371823413, 2.999429519418057], [9.412607445367021, 2.999429519418057], [8.903468881700743, 3.0401604039468837], [8.292502793330405, 3.0605258462112968], [7.824095114192953, 3.0808916018577035], [7.2742256659978475, 3.223450324472583], [6.785452544595982, 3.3660090470874624], [6.2966797365761105, 3.610395607788395], [5.787541172909832, 3.854782168489328], [5.298768051507967, 4.099168729190261], [4.708167405402041, 4.445382814595253], [4.1786633994713505, 4.771231457735832], [3.6695248358050714, 5.198907938962464], [3.1807520277852004, 5.667315304717923], [2.712344348647748, 6.13572267047338], [2.3457648209783426, 6.64486123413966], [2.10137826027741, 7.113268599895118], [1.8977228974872973, 7.663138361472217], [1.6940675346971843, 8.151911169492088], [1.5311430564358979, 8.620318848629541], [1.4904118585250778, 9.027629574209765], [1.4293155317318387, 9.516402382229636], [1.3885843338210186, 10.045906701542323], [1.3885843338210186, 10.555044951826607], [1.2663910534705523, 10.962355990788827], [1.3478531359101984, 11.430763356544286], [1.5515084987003112, 11.87880528003533], [1.7755296171368309, 12.428674728230435], [1.9995504221913563, 13.039641129982767], [2.366130263242755, 13.508048495738226], [2.793806744469388, 13.813531696614392], [3.2622141102248463, 14.220842422194616], [3.6695248358050714, 14.689249787950075], [4.103646957885033, 14.878218503589698], [4.388764716496786, 15.041142668468991], [4.510957996847252, 15.387357067255977], [4.734978801901778, 15.652109070221323], [5.183020725392823, 15.855764433011435], [5.793986813763161, 16.039054353537136], [6.262394492900613, 16.30380635650248], [6.730801858656072, 16.62965499964306], [7.097381699707471, 16.79257916452235], [7.301037062497584, 16.751848279993524], [7.769444428253043, 16.853675804697584], [8.421141714534201, 16.874041560343993], [8.971011476111299, 16.81294492016876], [9.419053399602346, 16.650020441907472], [9.846729567446982, 16.58892380173224], [10.457695969199314, 16.44636507911736], [10.763178856693486, 16.26307515859166], [10.966834532865592, 15.815033235100614], [11.170489895655706, 15.346625869345157], [11.414876142974645, 15.000411783940166], [11.740725099497217, 14.857853061325287], [12.148035825077443, 14.898583945854112], [12.881195193798247, 15.102239308644224], [13.327473403426858, 15.280832259843315], [13.877343165003957, 15.403025226811787], [14.386481728670235, 15.484487622633427], [14.956716932511746, 15.586315147337485], [15.628779661057319, 15.54558426280866], [16.260111505074065, 15.525218507162252], [17.013636629441276, 15.484487622633427], [17.56350607763638, 15.443756424722606], [18.052279199038246, 15.341928586636554], [18.541052007058116, 15.117907781582028], [18.968728488284746, 14.893886976527503], [19.477867051951026, 14.975349058967149], [19.885177777531254, 15.117907781582028], [20.29248850311148, 15.423390982458194], [20.781261624513345, 15.851067150302832], [21.351496828354854, 16.136184908914586], [22.023559556900423, 16.380571469615518], [22.736353483356815, 16.482398994319574], [23.44914740981321, 16.54349563449481], [23.958285973479487, 16.462033552055164], [24.666336236692157, 16.31293266693279], [25.1143781601832, 16.251836026757562], [25.542054641409838, 16.088911861878266], [25.94936536699006, 15.905621941352567], [26.112289531869354, 15.803794103266513], [26.31594520804146, 15.763063218737688], [26.601062653271217, 15.579773298211988], [26.743621375886097, 15.416848819950701], [26.723255933621683, 15.233559212806995], [26.62142809553563, 15.009538094370477], [26.886180098500976, 14.968806896459657], [27.2934911374632, 14.866979371755596], [27.700801863043424, 14.642958253319078], [28.026650506184, 14.357840808089318], [28.413595789499812, 13.991260967037919], [28.759809874904803, 13.624681439368514], [29.085658518045385, 13.237736156052703], [29.28931419421749, 12.81005967482607], [29.53370044153643, 12.52494222959631], [29.6762594775333, 12.219459028720145], [29.879914840323416, 11.710320465053865], [29.941011480498652, 11.160451016858762], [29.808862994343645, 10.777633287786395], [29.66630427172877, 10.390688004470583], [29.564476433642714, 10.024108476801178], [29.564476433642714, 9.576066553310133], [29.49006137210295, 9.089586134576633], [29.327137207223657, 8.417523406031062], [29.082750646522726, 7.745460364103497], [28.91982616826144, 7.3177841962588595], [28.45141880250598, 6.727183550152934], [27.983011436750523, 6.279141626661889], [27.494238315348657, 5.810733947524437], [26.903637669242734, 5.403423221944211], [26.41486486122286, 5.016477938628399], [25.926091739820997, 4.670263853223407], [25.416953176154717, 4.364780652347241], [24.68379380743391, 4.100028649381895], [24.195020686032045, 3.8963732865917824], [23.563688842015303, 3.7130833660660834], [23.03418483608461, 3.6112555279800294], [22.60650866823997, 3.5501588878047965], [22.260294269452984, 3.6723521681552627], [21.791886903697527, 3.5094280032759704], [21.343844980206484, 3.5094280032759704], [20.720908326427963, 3.3184414209767508], [20.109942238057624, 3.094420302540231], [19.600803674391347, 2.8500340552212924], [19.091665110725067, 2.687109576960006], [18.54179534914797, 2.46308877190548], [17.991925900952864, 2.2797988513797804], [17.56424941972623, 2.2594330957333733], [17.095842053970774, 2.3205297359086066], [16.769993410830196, 2.5445508543451263], [16.545972292393675, 2.870399497485705], [16.240489404899506, 3.135151500451051], [16.057199484373804, 3.399903503416397], [15.873909563848104, 3.7664833444677956], [15.690619643322403, 4.153428627783608], [15.609157560882759, 4.4385460730133675], [15.588792118618345, 5.029146719119292], [15.649888758793578, 5.375361117906278], [15.792447481408457, 5.61974767860721], [16.240489404899506, 5.803037285750917], [15.85354412158369, 5.803037285750917], [15.446233082621474, 5.7826718434865025], [15.05928779930566, 5.823403041397324], [14.5908804335502, 5.72157520331127], [14.937094832337188, 5.660478563136037], [15.262943475477767, 5.497554398256745], [15.283308917742179, 5.110609114940932], [15.324040115653, 4.764394716153946], [15.216786695104203, 4.445382814595253]]]]]}