{"name": "Cat", "scale": 0.0309919388417475, "slice_polygons": [[[[[15.296126580995653, 0.9625631325164169], [14.90312958148021, 0.9523754623803578], [14.509407370595873, 1.0129479671689998], [14.130827821029614, 1.1492365678225267], [13.78253514369645, 1.3158114208703746], [13.419098875287045, 1.5429590886262532], [13.025376354483319, 1.8609658234844828], [12.707369929544477, 2.1335427148721484], [12.4802222617886, 2.390976635022348], [12.51050851418292, 2.724126341118044], [12.571081328890951, 3.0875626095274495], [12.571081328890951, 3.4812851303311754], [12.495365542945454, 3.799291555270017], [12.374219913529393, 3.9355801559235437], [12.449936009394278, 3.587287168670993], [12.51050851418292, 3.2389941814184424], [12.51050851418292, 3.026989794819419], [12.41964944708057, 2.693840088723723], [12.298504127583897, 2.3758336637848814], [11.904781606780169, 2.163829277185858], [11.450486581187802, 2.012397395375476], [10.920475459730548, 1.9215383282731247], [10.435894181743858, 1.9366816094299795], [9.966455874994637, 2.1335427148721484], [9.557590073034055, 2.390976635022348], [9.269869900489534, 2.724126341118044], [8.982149727945014, 3.163278395472946], [8.8630845873834, 3.3846848065583908], [8.917005912177213, 3.6897654235645043], [9.038151231673886, 4.007771848503345], [9.28044218058662, 4.371208116912751], [9.447017033634468, 4.734644075402768], [9.598448605525462, 5.082937062655319], [9.780166739730163, 5.355514263962373], [10.022457378723507, 5.52208911701022], [10.295034580030563, 5.718950222452389], [10.052743941037217, 5.870382104262771], [9.795310020887019, 5.976384142602589], [9.553019071974285, 5.991527423759443], [9.613591886682315, 5.658377717663748], [9.431873752477612, 5.204082692071379], [9.295585151824087, 4.810360171267653], [9.11386732753877, 4.3560648357558955], [8.780717311523686, 3.9471993437147033], [8.447567605427992, 3.6897654235645043], [8.053845084624266, 3.6897654235645043], [7.538977244323866, 3.795767461904322], [7.099825499888352, 3.9774855961090245], [6.706102979084626, 4.2803490498103995], [6.251807953492258, 4.583212503511774], [5.691510579640683, 5.022364557866677], [5.244107851327331, 5.489939939172122], [4.7571807934897095, 6.051322030883157], [4.363458272685984, 6.566189871183557], [4.090881381298318, 7.03562817793278], [3.818304179991264, 7.520209765838858], [3.6062997933922403, 7.974504791431227], [3.3942954067932165, 8.44394309818045], [3.136861486643017, 8.807379366589855], [2.849141314098497, 9.231388139787901], [2.6674231798937944, 9.700826446537125], [2.606850365185764, 10.155121472129494], [2.6825664610506488, 10.73056212713792], [2.849141314098497, 11.109141366784794], [3.0914319530918415, 11.4725776351942], [3.4851544738955678, 11.79058406013304], [3.863733713542439, 12.123733766228737], [4.302885767897341, 12.39631096753579], [4.742037822252243, 12.578029101740494], [5.302334886184429, 12.62345863529167], [5.341495060427309, 12.807202092699681], [5.2203497409306365, 12.913204131039498], [5.038631606725933, 12.807202092699681], [4.6903386194733825, 12.837488345094], [4.357188913377686, 12.77691553038597], [4.008895926125136, 12.534624891392625], [3.7211757535806154, 12.231761437691251], [3.342596513933744, 12.034900332249082], [3.039733060232369, 11.974327517541052], [2.797442421239024, 12.004613769935373], [2.5400085010888245, 12.42862254313342], [2.3916940984065342, 12.808271314589721], [2.331121593617892, 13.307995873733265], [2.3765508172496794, 13.822863714033664], [2.43712363195771, 14.428590621436411], [2.43712363195771, 14.913171899423103], [2.527982699060061, 15.337180982540538], [2.4976964466657403, 15.897478046472722], [2.6945575521079093, 16.412345886773124], [2.845989433918291, 16.851497941128027], [3.1034233540684903, 17.139218113672545], [3.5425750985040043, 17.4117953149796], [3.996870434015761, 17.53294063447627], [4.345163111348923, 17.3360795290341], [4.526881245553626, 17.00292982293841], [4.784315165703825, 16.68492308808018], [4.602597031499123, 17.033216075332728], [4.3905926449000985, 17.426938596136452], [4.299733887717136, 17.654085953972945], [4.405735926056953, 17.896376902885677], [4.784315165703825, 18.22952660898137], [5.112521037715486, 18.514179819258114], [5.642532159172739, 18.90790234006184], [6.27854531896981, 19.301624550946176], [7.262851466019432, 19.589345033410087], [8.110869012415526, 19.665060819355585], [8.86802749170927, 19.589345033410087], [9.564613466214372, 19.39248361804853], [10.064338025357914, 19.19562251260636], [10.53377633210714, 18.92304531129931], [11.018357920013216, 18.68075467230596], [11.351507626108914, 18.256745899107916], [11.669514360967142, 17.847880097147335], [11.896661718803632, 17.575303205759667], [11.83608921401499, 17.287582723295756], [11.80580296162067, 16.90900348364889], [11.654371079810288, 16.757571911757896], [11.124360268272422, 16.727285659363574], [10.397488041372998, 16.621283311104367], [9.594899718608692, 16.500137991607698], [8.943743277654768, 16.242704071457496], [9.655472533316722, 16.36384939095417], [10.382344760216146, 16.439565176899666], [11.16978949190421, 16.45470845805652], [12.002664067062838, 16.439565176899666], [12.593247693308733, 16.606140029947515], [13.032399747663636, 16.92414676480574], [13.380692734916186, 17.24215349966397], [13.759271974563058, 17.651018991705165], [14.243853562469136, 17.984168697800857], [14.667862335667182, 18.24160261795106], [14.74357812161268, 18.499036538101258], [14.808655614631357, 18.73748789571089], [15.111519068332733, 18.994921815861087], [15.535527841530781, 18.828346652893853], [15.91410708117765, 18.813203681656386], [16.232113816035884, 18.94949228230991], [16.5198339885804, 18.873776186445028], [16.716695094022572, 18.722344614554036], [16.731838375179425, 18.464910694403834], [16.958986042935305, 18.31347912251284], [17.276992467874145, 18.131760988308137], [17.594999202732374, 17.950042854103437], [17.74643077462337, 17.722895186347557], [17.913005627671218, 17.46546126619736], [18.140153295427094, 17.132311560101662], [18.41466129452399, 16.962249184175953], [18.808383815327716, 16.598812915766544], [19.065817735477914, 16.417094781561843], [19.595828856935167, 16.3565222767732], [20.368130617385766, 16.3565222767732], [21.291863949727357, 16.280806180908318], [22.382172445036186, 16.159660861411645], [21.428152550380887, 16.371665248010668], [20.67099407108714, 16.4322380627187], [20.034980601370684, 16.538240101058516], [19.610971828172634, 16.568526663372225], [19.30810837447126, 16.674528701712042], [19.141533521423412, 16.97739215541342], [19.17182008373712, 17.461973743319493], [19.414110722730467, 17.840552982966365], [19.747260428826163, 18.113130184273423], [20.034980601370684, 18.491709423920295], [20.67099407108714, 18.900574915961485], [21.47358208393206, 19.294297436765213], [22.276170096776983, 19.566874638072267], [23.04847185722758, 19.612304171623443], [23.83591689883503, 19.476015570969913], [24.57793209697192, 19.309440717922065], [25.365377138579372, 18.885431944724022], [25.84995872648545, 18.521995676314614], [26.319397033234676, 18.113130184273423], [26.470828605125668, 17.689121411075373], [26.425399071574493, 17.401400928611466], [26.273967499683497, 17.159110289618123], [26.183108432581147, 16.84110355475989], [26.349683285628995, 17.1288240372238], [26.470828605125668, 17.371114676217143], [26.637403458173516, 17.507403276870672], [27.000839726582917, 17.61340531521049], [27.349132403916084, 17.53768952926499], [27.682282419931166, 17.32568514266597], [27.933699874994016, 16.997888984085797], [28.11900811539415, 16.435854512062143], [28.315869530755705, 15.814984323502538], [28.391585316701203, 15.148684911311145], [28.452158131409234, 14.481393757076818], [28.5430168885922, 13.821431576539785], [28.49758766496041, 13.412565774579205], [28.43701485025238, 12.927984496592515], [28.346155783150028, 12.443402908686437], [28.255296716047678, 11.973964601937215], [28.225010463653355, 11.640814895841517], [28.36129906430688, 