{"name": "Long-tailed chinchilla Fiber", "scale": 0.0210751949044562, "slice_polygons": [[[[[10.777342125398842, 2.684288353682909], [10.804758003442256, 2.556346957224478], [10.804758003442256, 2.4009892612187373], [10.795619377427785, 2.1542448835643957], [10.777342125398842, 1.971471309515244], [10.759064662617954, 1.8252524502759229], [10.768203288632424, 1.6973108430655424], [10.777342125398842, 1.551091983826221], [10.768203288632424, 1.38659566180601], [10.749926036603483, 1.2769315173765192], [10.704232485027234, 1.1672673729470284], [10.594568340597743, 1.0119096769412879], [10.475765570153781, 0.8474133549210771], [10.32954671091446, 0.7468878365060565], [10.20160510370408, 0.6920558696672855], [10.064524870479229, 0.6372236920765656], [9.936583263268849, 0.5915303512522649], [9.762948315234167, 0.5732528884713752], [9.543620026375185, 0.5641142624569049], [9.388262330369445, 0.5641142624569049], [9.086685985876333, 0.5823917252377946], [8.830802771455572, 0.6098078140331546], [8.55664230500587, 0.6372236920765656], [8.236788497731867, 0.646362528842985], [8.017460208872885, 0.6646397808719255], [7.770715831218543, 0.6737784068863959], [7.450861813192592, 0.7194719584626456], [7.204117435538251, 0.7560266732724757], [6.9116797170596085, 0.8017200140967765], [6.783738109849228, 0.8199974768776661], [6.527855106180415, 0.8931069064973267], [6.2993879805550135, 0.9662163361169872], [6.080059691696032, 1.0210483029557582], [5.851592566070631, 1.1124351953563085], [5.668818992021479, 1.1946832509904395], [5.409171747790782, 1.3239268837420173], [5.162427370136441, 1.4701457429813385], [4.9613763333064, 1.5706712613963592], [4.6963547036231175, 1.73516758341657], [4.495303666793076, 1.881386442655891], [4.266836541167675, 2.0367441386616316], [4.029230789527803, 2.237795175491673], [3.8099025006688216, 2.4205687495408243], [3.6362675526341404, 2.5759262347946157], [3.426077889789629, 2.767838645610187], [3.2524429417549476, 2.9231961308639782], [3.1062240825156264, 3.105969915665079], [3.0042544917457525, 3.253348753631941], [2.9402836881405623, 3.4178450756521523], [2.922006436111622, 3.527509220081643], [2.821480917696601, 3.7102827941307943], [2.6935393104862206, 3.9113338309608356], [2.56559770327584, 4.212910386205897], [2.483349647641709, 4.50534810468454], [2.455933558846349, 4.7155379782810005], [2.4376563068174084, 4.980559607964283], [2.4376563068174084, 5.2455814483995145], [2.4742110216272386, 5.583712718454406], [2.5381818252324293, 5.812179633327858], [2.62042988086656, 6.11375618857292], [2.784926202886771, 6.369639192241733], [2.8548393684472213, 6.572276137488333], [2.9827807649056526, 6.791604637099264], [3.2021092645165843, 7.111458444373267], [3.512824445776116, 7.413034788866379], [3.6864593938107975, 7.5409763960767595], [3.768707449444928, 7.623224662462841], [4.02459045311374, 7.943078469736843], [4.307889756329861, 8.189822847391184], [4.591188848794034, 8.427428599031055], [4.929319908096977, 8.665034350670927], [5.240035089356509, 8.911778728325269], [5.52333439257263, 9.149384479965141], [5.751801307446082, 9.350435306043233], [6.053377862691144, 9.533209090844332], [6.437202473570336, 9.633734609259355], [6.793610995654169, 9.624595772492935], [7.168296980518891, 9.551486342873273], [7.606953768988804, 9.505793002048973], [7.835420683862256, 9.368712768824123], [8.118719987078377, 9.17680035800855], [8.283216098346639, 9.0397201247837], [8.44771242036685, 8.866085176749019], [8.520821849986511, 8.719866317509698], [8.5390993127674, 8.546231369475016], [8.5847926535917, 8.454844687826416], [8.712734260802081, 8.527954117446077], [8.968617264470893, 8.665034350670927], [9.197084390096295, 8.692450228714339], [9.370719338130975, 8.674172976685398], [9.580909000975486, 8.811253209910248], [9.8367920046443, 8.88436263952991], [10.138368559889361, 8.856946550734548], [10.421667652353534, 8.838669298705609], [10.640691404646146, 8.870771667839923], [10.8987489469252, 8.862747076628104], [11.1729094133749, 8.862747076628104], [11.556734024254094, 8.844469613847213], [11.748646435069665, 8.762221558213081], [11.821755864689326, 8.643418577017172], [11.958836097914176, 8.625141324988231], [12.16902576075869, 8.570309147397511], [12.278689905188179, 8.50633834379232], [12.48887956803269, 8.533754432587681], [12.781317286511332, 8.597725236192872], [13.110309930551754, 8.579447773411982], [13.247390163776606, 8.606863862207343], [13.293083504600904, 8.743944095432193], [13.484995915416476, 8.963272384291175], [13.713462830289929, 9.054659276691725], [14.00590075952052, 9.045520650677254], [14.298338477999161, 8.990688473086534], [14.609053659258695, 8.981549847072063], [14.892352751722866, 8.972411221057593], [15.193929306967929, 8.981549847072063], [15.385841717783498, 8.944995132262234], [15.605170006642481, 8.835330987832743], [15.778804954677163, 8.725666843403252], [15.979855991507202, 8.588586610178401], [16.180907028337245, 8.46064500296802], [16.372819228400868, 8.3144261437287], [16.68582380808287, 8.061890513266562], [16.969721436082327, 7.869969040117183], [17.18904993569326, 7.659779377272671], [17.399239598537772, 7.40389616285191], [17.490626280186373, 7.275954766393478], [17.66426122822105, 7.093180981592377], [17.837896176255732, 6.864714066718926], [17.984115246247004, 6.599692226283694], [18.139472731500796, 6.3346703858484625], [18.258275712696708, 6.106203470975011], [18.377078483140668, 5.886874971364079], [18.42277182396497, 5.7497947381392285], [18.514158716365518, 5.585298626870967], [18.55071343117535, 5.338554249216625], [18.561012246669307, 5.1106793365680385], [18.579289498698248, 4.854796332899227], [18.57015087268378, 4.589774492463995], [18.561012246669307, 4.306475399999823], [18.52445753185948, 4.050592396331011], [18.47876398028323, 3.84954135950097], [18.405654550663566, 3.621074233875569], [18.350822583824797, 3.4383006598264174], [18.250297065409775, 3.2463882490108467], [18.122355458199397, 3.1001693897715255], [18.021829939784375, 2.944811904517734], [17.893888543325943, 2.8168702973073527], [17.802501650925393, 2.6889286900969727], [17.674560043715015, 2.6066806344628417], [17.56489589928552, 2.5152937420622914], [17.47350900688497, 2.3233815419986694], [17.327290147645652, 2.1588852199784587], [17.15365519961097, 2.0035277347246674], [16.897772195942157, 1.8024766978946263], [16.705434066189518, 1.6788915442229455], [16.458689477783224, 1.5235338482172052], [16.175390385319055, 1.3773149889778837], [15.928646007664712, 1.267650844548393], [15.64534691520054, 1.1488480741044318], [15.407741163560669, 1.0574611817038815], [15.160996785906327, 0.984351752084221], [14.923391034266457, 0.902103485698141], [14.685785282626584, 0.8564101448738404], [14.493873082562962, 0.8198554300640101], [14.356792849338113, 0.8015781780350694], [14.20143515333237, 0.79243934126865], [14.06435492010752, 0.7101912856345192], [13.92727468688267, 0.6644979448102185], [13.680530309228326, 0.6279430192484392], [13.415508679545045, 0.6005271412050283], [13.141348213095343, 0.6005271412050283], [12.885464998674582, 0.6005271412050283], [12.6204433689913, 0.5822496784241386], [12.410253706146788, 0.5456949636143082], [12.117815776916196, 0.5456949636143082], [11.852793936480964, 0.5456949636143082], [11.615188395593043, 0.563972426395198], [11.404998732748531, 0.6096657672194986], [11.19480885915207, 0.7193299116489895], [11.04858999991275, 0.8107168040495398], [10.94806448149773, 0.9386582005079713], [10.847538963082709, 1.103154522528182], [10.792706996243938, 1.2310961297385627], [10.792706996243938, 1.3864536149923543], [10.792706996243938, 1.5143952222027346], [10.792706996243938, 1.660614081442056], [10.792706996243938, 1.8068331514333262], [10.810984248272879, 1.9713292627015881], [10.810984248272879, 2.1266869587073285], [10.829261711053766, 2.2820444439611203], [10.829261711053766, 2.4374021399668604], [10.820123085039299, 2.565343536425292], [10.865816425863597, 2.665869265592262], [11.094283551488997, 