{"name": "Long-tailed chinchilla Cell", "scale": 0.02108126215203, "slice_polygons": [[[[[10.68648115577598, 3.7238993420327264], [10.817337398643925, 3.6366617062456816], [10.893670329957589, 3.5058054633777362], [10.926384443377732, 3.3858539249831714], [10.915479738904349, 3.222283568695084], [10.926384443377732, 3.0150943945134747], [10.93728893703849, 2.840619122939385], [10.948193641511871, 2.677048766651298], [10.948193641511871, 2.5352878193099717], [10.95909834598525, 2.339003349601743], [10.95909834598525, 2.1318141754201334], [10.93728893703849, 2.011862426212947], [10.893670329957589, 1.8810061833450016], [10.784623285223784, 1.7283405315302949], [10.66467174682922, 1.6301981912698695], [10.566529406568794, 1.597484077849728], [10.457482572647608, 1.5102466528753047], [10.326626118967042, 1.4666278349817825], [10.141246353732193, 1.42300901708826], [9.999485406390868, 1.4121043126148796], [9.814105641156019, 1.4121043126148796], [9.672344693814694, 1.4011996081414988], [9.563297649080887, 1.3902949036681183], [9.454250815159703, 1.3902949036681183], [9.323394361479135, 1.4121043126148796], [9.225252232031332, 1.3793904100073593], [9.094395989163386, 1.3684857055339785], [8.952634831009439, 1.3684857055339785], [8.821778588141493, 1.3684857055339785], [8.734540952354449, 1.3684857055339785], [8.614589413959884, 1.3684857055339785], [8.505542369226077, 1.357581001060598], [8.418304944251654, 1.357581001060598], [8.30925789951785, 1.3466762965872174], [8.178401656649903, 1.3248668876404563], [7.927593664574771, 1.3139621831670758], [7.742213899339924, 1.3139621831670758], [7.622262360945358, 1.3248668876404563], [7.502310611738173, 1.3466762965872174], [7.382359073343607, 1.3902949036681183], [7.3060261420299435, 1.4011996081414988], [7.20788401258214, 1.4121043126148796], [7.087932263374952, 1.4121043126148796], [6.891647793666723, 1.42300901708826], [6.717172732905256, 1.4448184260350212], [6.575411785563929, 1.455723130508402], [6.433650838222604, 1.4666278349817825], [6.302794384542037, 1.4884372439285434], [6.13922402825395, 1.5211513573486852], [5.936070440086103, 1.5991155567276736], [5.728881265904494, 1.6754484880413374], [5.554406205143025, 1.75178120854238], [5.358121735434797, 1.8390188443294246], [5.19455137914671, 1.9262564801164692], [4.99826690943848, 2.0462080185110345], [4.845601046811153, 2.1225409498246983], [4.747458917363349, 2.2315877837458826], [4.616602463682782, 2.329730124006308], [4.5075556297615975, 2.416967548980731], [4.409413289501172, 2.4933004802943954], [4.300366455579988, 2.5914426097421988], [4.224033524266324, 2.711394358949385], [4.180414917185423, 2.787727079450428], [4.082272576924998, 2.8749647152374727], [3.9950349411379533, 2.929488237604376], [3.9405116295836717, 3.027630367052179], [3.8205598803764853, 3.0494397759989402], [3.635180115141637, 3.1475821162593656], [3.5261332812204524, 3.25662895018055], [3.395276827539886, 3.354771290440975], [3.2753252891453206, 3.485627533308921], [3.155373750750756, 3.671007298543769], [3.0572314104903304, 3.8781964727253784], [2.969993985515907, 4.074480942433608], [2.9045657586756244, 4.270765412141836], [2.850042236308721, 4.5542875176371105], [2.82823282736196, 4.80509529889962], [2.8034182844954265, 4.961624935254173], [2.781608875548666, 5.212432927329305], [2.8361323979155686, 5.474145623877818], [2.89065570946985, 5.659525389112665], [2.977893345256895, 5.910333381187797], [3.0760354747046987, 6.150236457976927], [3.228701337332027, 6.42285385899882], [3.4249858070402555, 6.717280668967474], [3.6103655722751036, 6.869946320782182], [3.7194124061962883, 7.022611972596888], [3.8829829732969974, 7.273419964672019], [4.068362738531845, 7.50241854780039], [4.319170519794356, 7.7096077219820005], [4.537264398449346, 7.938606305110371], [4.777167686051097, 8.058557843504936], [5.03888038259961, 8.254842313213166], [5.300593079148122, 8.462031487394773], [5.616829087250917, 8.636506548156241], [5.987588617720613, 8.778267495497568], [6.303824836636028, 8.82188631339109], [6.565537322371919, 8.82188631339109], [6.740012593946009, 8.81098160891771], [6.969010966261757, 8.843695722337852], [7.187104844916748, 8.82188631339109], [7.317961298597314, 8.76736300183681], [7.427008132518499, 8.680125366049763], [7.557864375386445, 8.680125366049763], [7.66691142012025, 8.81098160891771], [7.950433525615524, 8.930933358124896], [8.31028835161184, 9.007266078625939], [8.572001048160352, 9.018170783099318], [8.822808829422863, 8.974552176018419], [9.019093299131091, 8.898219244704753], [9.20447306436594, 8.865505131284612], [9.357138926993269, 8.854600426811231], [9.572774941293954, 8.84328505935113], [9.693896489737956, 8.810723995894213], [9.770229210238998, 8.712581866446408], [9.944704271000466, 8.581725623578462], [10.075560724681035, 8.494487987791418], [10.195512263075598, 8.450869169897896], [10.01013249784075, 8.603534821712602], [9.868371550499424, 8.690772457499648], [9.759324505765617, 8.788914797760071], [9.693896489737956, 8.887056927207876], [9.748419801292238, 8.97429456299492], [9.933799777339708, 9.083341396916104], [10.119179542574555, 9.15967432822977], [10.380892028310447, 9.203293146123292], [10.65350942933234, 9.268721162150953], [10.915222125880852, 9.246911753204193], [11.155125413482603, 9.148769623756388], [11.242362838457026, 9.061531987969344], [11.187839316090125, 8.930675745101398], [11.11150659558908, 8.843438109314354], [11.05698307322218, 8.73439127539317], [10.926126830354232, 8.625344230659364], [10.827984490093808, 8.5599162146317], [10.784365672200286, 8.483583283318037], [11.002459550855276, 8.647153639606124], [11.155125413482603, 8.799819502233452], [11.384123785798353, 8.930675745101398], [11.667645891293628, 9.039722579022582], [11.962072701262281, 9.083341396916104], [12.300118118311836, 9.105150805862866], [12.474593179073302, 9.116055510336246], [12.703591762201674, 9.15967432822977], [12.987113867696948, 9.126960214809626], [13.2706357623796, 9.083341396916104], [13.521443754454731, 9.017913170075822], [13.674109406269437, 8.94158044957478], [13.772251746529863, 8.832533404840973], [13.935822102817951, 8.832533404840973], [14.066678345685895, 8.767105388813311], [14.175725390419704, 8.690772457499648], [14.317486337761029, 8.636248935132743], [14.470151989575735, 8.51629739673818], [14.546484920889398, 8.418155056477753], [14.666436459283965, 8.33091763150333], [14.873625633465574, 8.243679995716287], [15.059005398700423, 8.178251979688625], [15.233480670274512, 8.11282375284834], [15.42976513998274, 8.003776708114534], [15.571611888061025, 7.907523459755552], [15.680658932794831, 7.842095443727891], [15.822419880136156, 7.743953103467466], [15.985990236424243, 7.645810974019662], [16.160465297185713, 7.525859224812476], [16.258607637446136, 7.427717095364672], [16.443987402680985, 7.242337330129823], [16.58574835002231, 7.056957564894976], [16.72750950817626, 6.904291702267647], [16.847461046570825, 6.7625307549263205], [16.97831728943877, 6.6098651031116145], [17.087364334172577, 6.4681041557702885], [17.2291252815139, 6.337247702089721], [17.327267621774325, 6.217296163695155], [17.447219160168892, 6.08643971001459], [17.5562662049027, 5.911964649253122], [17.654408334350503, 5.737489588491655], [17.708931856717406, 5.563014527730186], [17.752550674610927, 5.334015944601815], [17.796169281691828, 5.137731474893586], [17.81797869063859, 4.985065823078879], [17.82888339511197, 4.78878135337065], [17.785689997088674, 4.594942520884678], [17.741645970137547, 4.397242655235562], [17.698027152244023, 4.179148776580572], [17.64350362987712, 3.950150193452201], [17.54536150042932, 3.7538657237439725], [17.414505046748747, 3.546676549562363], [17.261839394934043, 3.3503920798541342], [17.130983152066097, 3.1977264280394273], [16.98922199391215, 3.045060776224721], [16.836556342097445, 2.870585715463253], [16.651176576862596, 2.707015148362544], [16.476701516101127, 2.565254201021218], [16.247702932972757, 2.4343979581532724], 