{"name": "Collared anteater", "scale": 0.0273138758750409, "slice_polygons": [[[[[12.564317076077995, 6.79606324014458], [12.867730807987058, 6.754213192667601], [13.035131544172492, 6.670512824574884], [13.192069427065233, 6.5240372486973195], [13.328082695927623, 6.356636512511885], [13.41178279088158, 6.199698629619145], [13.474557998666429, 6.032297893433712], [13.495483158974297, 5.823047109771299], [13.516408319282165, 5.6242589062628205], [13.495483158974297, 5.4254707027543425], [13.41178279088158, 5.23714480626104], [13.27576979515795, 5.090669230383475], [13.129294219280384, 5.006969135429516], [12.951431176079776, 4.986043975121648], [12.773567859740409, 4.986043975121648], [12.543392188908884, 5.027894022598628], [12.323678825092538, 5.090669230383475], [12.12489062158406, 5.122056970845279], [12.428304080354364, 5.027894022598628], [12.689867764786449, 4.975581394967714], [12.972356336387644, 4.912806187182865], [13.212994587373101, 4.755868031151366], [13.359470163250666, 4.578004987950758], [13.432707951189448, 4.431529412073192], [13.453633111497318, 4.264128675887759], [13.485020578820361, 4.086265632687149], [13.516408319282165, 3.9084023163477806], [13.558258366759144, 3.646838905054455], [13.589646107220949, 3.4062006540689973], [13.610570994390057, 3.0609366015441952], [13.600108687374883, 2.7156728221581528], [13.589646107220949, 2.4227219435417817], [13.54779578660521, 2.1611582591096967], [13.41178279088158, 1.9100574279703049], [13.212994587373101, 1.7112692244618264], [12.982818643402819, 1.5647936485842617], [12.742180392417362, 1.4706307003376105], [12.428304080354364, 1.4392432330145657], [12.198128409522841, 1.4497058131685003], [11.96795246555256, 1.460168120183676], [11.737776521582278, 1.4810932804915449], [11.47621311028895, 1.5020184407994137], [11.20418711884169, 1.5124810209533484], [11.130949330902908, 1.5229433279685238], [10.754297811055062, 1.5857188088921308], [10.419496611822954, 1.6694189038460887], [10.126545460067824, 1.7635818520927402], [9.885907209082367, 1.8577448003393915], [9.708043892742998, 1.9414448952933494], [9.530180849542388, 2.0565330038478695], [9.404630433972693, 2.1193082116327178], [9.268617438249063, 2.2448586272024134], [9.132604169386674, 2.359946735756934], [9.038441494278782, 2.495959731480564], [8.90242849855515, 2.7575231427738904], [8.850115870924236, 2.9772365065902373], [8.776878082985455, 3.1237120824678026], [8.787340390000631, 3.291112545514477], [8.871040758093349, 3.552675956807804], [8.92335338572426, 3.835164528408999], [8.975666286493933, 4.096728212841083], [8.986128866647867, 4.285053836195627], [8.975666286493933, 4.452454572381061], [8.94427854603213, 4.578004987950758], [8.94427854603213, 4.358291624134409], [8.954741126186065, 4.1804285809338], [8.92335338572426, 3.981640104286563], [8.881503338247281, 3.7200766929932367], [8.829190710616368, 3.4794384420077797], [8.755952922677587, 3.2492624980374982], [8.697733396249937, 3.0999555657867264], [8.61403302815722, 2.963942570063096], [8.467557452279655, 2.8697798949552036], [8.289694409079045, 2.744229479385508], [8.122293672893612, 2.681453998461901], [7.9130428892312, 2.639603950984922], [7.703792105568786, 2.6291413708309874], [7.410840953813656, 2.6709916914467255], [7.14927754252033, 2.7233043190776387], [6.960951919165787, 2.744229479385508], [6.657538187256723, 2.827929574339466], [6.375049615655527, 2.943017682893986], [6.113486204362201, 3.0476429381558128], [5.872847680237985, 3.1941185140333777], [5.621746849098593, 3.340594089910943], [5.318333117189529, 3.518457133111552], [4.993994498111355, 3.780020817543637], [4.805668874756811, 3.968346440898181], [4.523180303155616, 4.250835012499376], [4.355779566970182, 4.428698055699986], [4.177916523769572, 4.658873999670267], [3.9582031599532255, 4.972750311733265], [3.843115051398706, 5.202925982564788], [3.7594149564447474, 5.401714459212025], [3.7071020556750747, 5.600502662720503], [3.654789428044162, 5.673740450659286], [3.550164172782335, 5.820216026536851], [3.3723008564429664, 6.0294668101992634], [3.278137908196315, 6.196867273245939], [3.1839752330884226, 6.437505797370155], [3.142124912472685, 6.688606628509546], [3.0898122848417713, 6.939707732787697], [3.097731123735463, 7.038095864493458], [3.024493335796681, 7.226421487848002], [2.9198678073960953, 7.4879848991413285], [2.8675551797651817, 7.718160843111609], [2.8047799719803335, 8.03203688203585], [2.7943173918263993, 8.30406314662187], [2.815242552134268, 8.544701397607328], [2.9094055003809194, 8.774877341577607], [3.024493335796681, 8.952740384778217], [3.160506331520311, 9.16199116844063], [3.286056747090007, 9.29800416416426], [3.5162326910602886, 9.360779371949109], [3.7254834747227017, 9.43401715988789], [3.840571310138463, 9.54910526844241], [3.9138090980772455, 9.72696831164302], [3.7987212626614837, 9.601417896073324], [3.6836331541069636, 9.496792640811499], [3.579007898845137, 9.423554852872716], [3.3802196953366583, 9.381704532256977], [3.191893798843356, 9.371241952103043], [3.0768059634275944, 9.444479740041826], [2.9512555478578983, 9.632805636535128], [2.8675551797651817, 9.821131259889672], [2.7524673443494203, 10.009456883244216], [2.7315421840415515, 10.145469878967846], [2.7420047641954857, 10.333795775461148], [2.7420047641954857, 10.553508866138737], [2.7733922315185304, 10.752297342785974], [2.7739671886057, 10.936354626757526], [2.7739671886057, 11.187455457896919], [2.721654560974786, 11.449019142329002], [2.6588793531899384, 11.731507713930197], [2.6065664524202665, 11.940758497592611], [2.5437912446354183, 12.129084120947153], [2.554253824789353, 12.317409744301699], [2.501941197158439, 12.505735640795], [2.46009114968146, 12.704523844303479], [2.4496285695275257, 12.871924307350152], [2.4496285695275257, 13.07071251085863], [2.5333286644814836, 13.342738775444651], [2.6170290325742007, 13.54152697895313], [2.690266820512983, 13.604302186737977], [2.648416773036004, 13.750777762615542], [2.6379541928820696, 14.012341173908867], [2.690266820512983, 14.28436716535613], [2.7844297687596344, 14.57731831711126], [2.8785927170062857, 14.797031680927606], [3.0459931800529603, 15.0795202525288], [3.20293133608446, 15.382933711299108], [3.2761691240232422, 15.477096659545756], [3.4017195395929383, 15.57125960779241], [3.5063450679935237, 15.68634744320817], [3.705133271502002, 15.95837343465543], [3.929071818777459, 16.213412380418486], [4.117397442132003, 16.433125744234836], [4.441736334348937, 16.673763995220288], [4.745149793119241, 16.862089618574835], [5.121801312967087, 17.02949035476027], [5.603078088076761, 17.228278558268748], [5.948341867462804, 17.301516346207528], [6.2308304390639995, 17.311978926361466], [6.492393850357326, 17.291053766053594], [6.764419841804586, 17.207353671099636], [7.005058365928803, 17.113190722852988], [7.235234309899085, 16.956252566821487], [7.434022513407563, 16.851627311559657], [7.5909606694390614, 16.684226575374225], [7.6955859247008895, 16.631913947743314], [7.873449241040257, 16.412200583926964], [8.051312284240867, 16.255262427895467], [8.271025648057213, 16.066936804540923], [8.501201592027495, 15.857686020878509], [8.710452375689908, 15.669360124385205], [8.856927951567473, 15.554272288969445], [9.087103622398995, 15.376409245768837], [9.338204726677146, 15.240396250045205], [9.516067769877756, 15.11484556133675], [9.7043933932323, 14.957907678444009], [9.850868969109865, 14.790506942258576], [10.007807125141364, 14.539406111119183], [10.039194865603166, 14.37200537493375], [9.968459301833295, 14.220515790861803], [9.842375446267761, 14.020547354776767], [9.685437290236262, 13.832221731422223], [9.52849940734352, 13.664820995236788], [9.361098671158087, 13.50788283920529], [9.151847887495675, 13.403257583943462], [9.497111666881718, 13.549733159821027], [9.88422549374474, 13.612508367605875], [10.281802173900456, 13.654358415082854], [10.689841161071346, 13.790371410806484], [11.097880148242238, 13.821759151268287], 