{"name": "Common shrew fiber staining", "scale": 0.0118819187744665, "slice_polygons": [[[[[5.710155729061407, 0.9181455684999686], [5.508705638306717, 0.9598249631770426], [5.272522679048071, 1.0570766860582352], [5.057179417127959, 1.1473820015854996], [4.80710340552308, 1.216847500955039], [4.5570273939182, 1.2724199479783456], [4.3555773031635105, 1.3488320923401893], [4.126340870077979, 1.4599769863868026], [3.869318332299983, 1.640587379802955], [3.653975070379873, 1.8003581946997589], [3.5080974266484897, 1.974022180761983], [3.3761128352633394, 2.1685257453435565], [3.2163420203665356, 2.4463879804600897], [3.077410902808269, 2.7034105182380856], [2.9801591799270764, 2.9187537801581964], [2.8134418388571563, 3.12715051590519], [2.6258848004486994, 3.32860060665988], [2.452220933205663, 3.5925696706109926], [2.3202363418205127, 3.800966406357986], [2.2090914477738997, 3.988523444766443], [2.132679303412056, 4.203866706686553], [2.1187861322466355, 4.405316797441244], [2.174358579269942, 4.613713533188237], [2.3758087888438193, 4.801270452777507], [2.6119916292832785, 4.884629123312466], [2.8342814173765056, 4.9402015703357725], [3.0496246792966155, 4.981880965012847], [3.271914467389842, 4.9957740173590794], [3.4803112031368366, 4.96104126767431], [3.688707820064643, 4.954094741501193], [3.869318332299983, 4.933255044162657], [4.015195976031365, 4.856842899800813], [4.154127093589633, 4.7456980057542], [4.3486306581712055, 4.599820362022816], [4.501454946894893, 4.55814108616493], [4.668172287964813, 4.5373013888263936], [4.85572932637327, 4.565087612338047], [4.973820746593, 4.655392809046123], [5.098858811805034, 4.780430874258157], [5.2238967581978795, 4.829056676289159], [5.418400322779453, 4.829056676289159], [5.6545832820381, 4.856842899800813], [5.925498990981517, 4.884629123312466], [6.161681831420976, 4.87768259713935], [6.390918264506507, 4.87768259713935], [6.634047749938271, 4.829056676289159], [6.759085696331117, 4.80821709776981], [6.88412376154315, 4.801270452777507], [7.002215181762881, 4.697072203723197], [7.127253246974914, 4.572034138511164], [7.280077416879414, 4.502568639141623], [7.405115482091447, 4.488675467976203], [7.55099312582283, 4.502568639141623], [7.710763940719634, 4.530354862653278], [7.863588110624133, 4.648446282873007], [8.05114514903259, 4.856842899800813], [8.171814589168816, 4.907514768244779], [8.36631815375039, 4.928354465583316], [8.539982020993426, 4.942247517929548], [8.741432111748116, 4.963087215268086], [8.977615071006763, 4.9769802676143176], [9.19990485909999, 4.9214078205910115], [9.408301594846984, 4.858888847394589], [9.588911988263135, 4.803316400371282], [9.804255250183248, 4.726904256009438], [9.957079538906934, 4.5671334411126345], [10.061277787961243, 4.358736824184828], [10.04738473561501, 4.108660812579949], [9.929293315395281, 3.914157247998375], [9.825094947521784, 3.7266002095899182], [9.720896579648286, 3.5390431711814614], [9.561125764751482, 3.3445396065998882], [9.429141173366332, 3.2195015413878543], [9.269370477288717, 3.1291963446797775], [9.172118635588335, 2.906906556586551], [9.123492714738147, 2.6846167684933246], [9.005401294518416, 2.462326980400098], [8.91509609781034, 2.2886631131570616], [8.790058032598306, 2.1219457720871415], [8.68585966472481, 1.9482817860249175], [8.5816614156705, 1.7676713926087646], [8.421890600773695, 1.6148471038850774], [8.289906009388545, 1.4898091574922312], [8.081509273641553, 1.392557315791851], [7.921738577563937, 1.3161451714300072], [7.727234894163175, 1.2466796720604678], [7.5049451060699495, 1.2050002773833939], [7.254869094465069, 1.1424813041869708], [7.018686254025608, 1.0382829363134738], [6.8316921809286875, 0.9679567107479121], [6.623295445181693, 0.926277434890026], [6.484364327623426, 0.8984912113783725], [6.338486683892043, 0.8984912113783725], [6.206502092506893, 0.9471170134093752], [6.116196895798816, 1.0721550786214091], [6.09535719846028, 1.218032722352792], [6.102303724633396, 1.3500173137379423], [6.088410672287163, 1.454215681611439], [6.088410672287163, 1.5792536280042853], [6.09535719846028, 1.683451995877782], [6.09535719846028, 1.7876503637512793], [6.081464027294859, 1.8640625081131228], [6.032838225263856, 1.739024442901089], [6.039784751436973, 1.572307101831169], [6.06062444877551, 1.3847500634227121], [6.04673127761009, 1.2041396700065592], [6.025891580271552, 1.0721550786214091], [5.949479554728896, 0.9749032369210285], [5.852227713028516, 0.905437737551489], [5.710155729061407, 0.9181455684999686]]]]]}