{"name": "Common shrew cell staining", "scale": 0.0118237454601103, "slice_polygons": [[[[[5.678936431394272, 1.0255012295572021], [5.458300256898064, 1.0682238507907644], [5.300574330159102, 1.0997690124910657], [5.149157435760201, 1.1628594541291233], [4.9977405413613, 1.200713648169485], [4.821087517602157, 1.2385678422098465], [4.644434493843015, 1.270113003910148], [4.43623630838357, 1.3079671979505096], [4.278510381644608, 1.3521305425683863], [4.076621228525225, 1.43414796298917], [3.899968204766083, 1.5098564693073477], [3.698079051646699, 1.6297280837684933], [3.5340440925676773, 1.7369817517869726], [3.3763181658287156, 1.8820896138458139], [3.2312104220073286, 2.071360702285077], [3.1113386893087287, 2.2543227583842795], [2.997775988950189, 2.4057395345457264], [2.922067600869466, 2.563465461284688], [2.8463590945512878, 2.7148823556835895], [2.758032641790444, 2.885226347102672], [2.612924779731603, 3.030334209161513], [2.467816917672762, 3.175442071220354], [2.322709173851375, 3.3394770302993764], [2.1397471177521723, 3.522439086398579], [2.0261844173936328, 3.680164894900086], [1.8936946200149123, 3.869435983339349], [1.780132037893827, 4.046089007098492], [1.723863660911344, 4.237001467882528], [1.7175546285712837, 4.413654491641669], [1.7743359196318265, 4.590307515400812], [1.887898619990366, 4.703870097521897], [2.064551643749508, 4.792196668520195], [2.2285866028285306, 4.86790505660092], [2.4115486589277335, 4.918377315321401], [2.6260558767272375, 4.981467756959459], [2.821635997506561, 4.99408582163958], [3.0424522476461258, 4.981467756959459], [3.2254143037453282, 4.981467756959459], [3.38944926282435, 4.9499225952591575], [3.5661022865834924, 4.924686347661462], [3.723828213322454, 4.823741830220497], [3.900481237081597, 4.691252032841777], [4.032970916222863, 4.615543644761053], [4.197005875301885, 4.546144170782935], [4.304259543320364, 4.495671912062454], [4.436749340699085, 4.546144170782935], [4.550311922820169, 4.583998483060752], [4.65756559083865, 4.703870097521897], [4.7900552699799155, 4.823741830220497], [4.973017326079118, 4.8868321536211], [5.15597938217832, 4.943613444681643], [5.320014341257343, 4.99408582163958], [5.477740267996305, 5.01932195099982], [5.616539097715085, 5.01932195099982], [5.818428250834469, 5.00039485397964], [5.96353611289331, 5.00039485397964], [6.032935468633973, 5.044558080360062], [6.196970427712995, 5.031940015679941], [6.354696354451956, 5.0067038863197], [6.487186151830677, 4.968849692279338], [6.626623936754122, 4.956767006793651], [6.740186637112662, 4.881058500475474], [6.860058251573807, 4.767495918354388], [7.049329340013071, 4.68547837969615], [7.2386005466897885, 4.68547837969615], [7.415253452211476, 4.754877853674268], [7.572979378950438, 4.855822371115233], [7.680233046968917, 5.0072392655141345], [7.819031876687698, 5.146038095232915], [8.102938450227866, 5.196510353953397], [8.355299980305187, 5.24698261267388], [8.582425262784811, 5.322691118992057], [8.809550545264436, 5.322691118992057], [9.01143969838382, 5.284836806714241], [9.219637883843264, 5.24698261267388], [9.427836069302707, 5.196510353953397], [9.623416308319484, 5.095565718274978], [9.768524052140872, 5.000930233174074], [9.88839578483947, 4.849513338775172], [9.907322881859653, 4.653933217995849], [9.86946868781929, 4.496207291256887], [9.787451149161054, 4.3510994291980465], [9.686506631720087, 4.1555193084187225], [9.547707802001307, 3.941012090619218], [9.440454252220283, 3.7517410021799553], [9.314273487181623, 3.619251204801235], [9.181783689802902, 3.50568862268015], [9.074530140021878, 3.2911814048806454], [8.996193451562824, 3.090868120556185], [8.901557848224467, 2.8574338057365005], [8.814985566340084, 2.6456691056964687], [8.732968027681846, 2.462707049597266], [8.632023510240883, 2.279744993498063], [8.486915648182041, 2.0463105604409235], [8.3418077861232, 1.8570394720016603], [8.190390891724297, 1.718240760520334], [7.975883673924794, 1.5920599954816739], [7.748758391445169, 1.497424392143315], [7.559487303005906, 1.4280250364026519], [7.319743837608707, 1.3586256806619887], [7.136781781509504, 1.3081533037040518], [6.966437908327876, 1.26399007732363], [6.783475852228673, 1.1756636245627858], [6.625749925489711, 1.1188822152647886], [6.48064206343087, 1.0684099565443064], [6.322916136691909, 1.0494828595241257], [6.184117306973128, 1.062100924204246], [6.095790854212284, 1.1693545922227255], [6.039009444914287, 1.2829171743438106], [6.039009444914287, 1.4595701981029532], [6.039009444914287, 1.6236051571819752], [6.0327004125742265, 1.7497859222206353], [6.045318595491802, 1.9201299136397179], [6.001155250873925, 1.7813310839209369], [6.007464283213984, 1.6109870925018546], [6.001155250873925, 1.4532611657628929], [6.020082347894105, 1.333389433064293], [6.001155250873925, 1.1945907215829668], [5.919137830453141, 1.0873370535644873], [5.824502227114782, 1.036864794844005], [5.678936431394272, 1.0255012295572021]]]]]}