{"name": "Elephant shrew", "scale": 0.0154268172231466, "slice_polygons": [[[[[7.954489192241823, 2.17075110936171], [7.966848232591974, 1.9977242359232412], [7.948309672066747, 1.8061589562277174], [7.935950631716595, 1.6887479186331036], [7.911232551016292, 1.5775164012135658], [7.867975755522588, 1.4662848837940283], [7.762923758278126, 1.3550533663744904], [7.670230955651988, 1.2561808893051043], [7.503383602388595, 1.1882061673792699], [7.355074963918602, 1.1016927306600355], [7.200586805273534, 1.0522564149912563], [7.089355287853996, 1.027538334290953], [6.947226169559079, 1.0089997737657252], [6.842174172314617, 1.0089997737657252], [6.718583614544928, 1.0028202535906494], [6.4961205797058525, 0.9966407334155736], [6.347811941235859, 0.9904612132404979], [6.199503302765866, 0.9781021728903461], [6.001758348627094, 0.9781021728903461], [5.822552109281721, 0.9842816930654219], [5.668063796368481, 1.0089997737657252], [5.544473238598791, 1.027538334290953], [5.402344120303875, 1.0460768948161805], [5.272574042359109, 1.0646156096095805], [5.155163004764495, 1.0893336903098838], [5.093367803013736, 1.0955132104849596], [5.000674846119426, 1.0646156096095805], [4.833827647124206, 1.0460768948161805], [4.666980293860814, 1.027538334290953], [4.481594534340365, 1.0460768948161805], [4.320926701252048, 1.0584359351663322], [4.203515663657434, 1.083154170134808], [4.078277213271969, 1.1234027362699976], [3.9174662193198206, 1.1542667066838306], [3.7691574265816556, 1.185164461827382], [3.6579259091621177, 1.2037030223526097], [3.4848991899918214, 1.228421103052913], [3.3118724708215246, 1.2716777442784442], [3.151204637733208, 1.3334731002973752], [3.0090755194382908, 1.3952683020481336], [2.8360488002679944, 1.481781738767368], [2.7309968030235328, 1.5312180544361471], [2.6383038461292228, 1.5868337360118299], [2.5456108892349123, 1.6424494175875126], [2.471456647134002, 1.7042447736064434], [2.415840811290147, 1.7969377305007537], [2.3416865691892363, 1.8092967708509056], [2.2613526526450785, 1.8401943717262847], [2.168659695750768, 1.8896305331268917], [2.07596689312463, 1.9452463689707464], [1.9894534564053958, 2.013221090896581], [1.8967604995110856, 2.075016446915512], [1.8226061031420029, 2.1553503634596702], [1.7360928206909407, 2.2295046055605807], [1.6990155453723135, 2.2912999615795115], [1.6495793839717066, 2.3839927642056495], [1.5816046620458721, 2.507583321975339], [1.5012707455017136, 2.6744306752387317], [1.4271163491326309, 2.804200753183497], [1.3838597079070998, 2.8968937100778076], [1.3653211473818725, 2.989586512703945], [1.3467825868566448, 3.069920429248104], [1.2973462711878656, 3.162613386142414], [1.2479101097872587, 3.273844903561952], [1.179935233593252, 3.3912559411565653], [1.1648231234414574, 3.5076088533578433], [1.1524640830913058, 3.631199411127533], [1.1710026436165333, 3.7609694890722984], [1.238977365542368, 3.8474829257915326], [1.337849842611754, 3.9401758826858426], [1.4367223196811398, 4.063766440455532], [1.4985176757000709, 4.168818437699994], [1.5479538371006778, 4.298588515644759], [1.6344672738199122, 4.477794754990132], [1.7086215159208225, 4.632283067903373], [1.7889554324649808, 4.7744121861982896], [1.8878279095343669, 4.916541304493206], [1.9867002323355807, 5.015413781562593], [2.042316068179436, 5.077208983313351], [2.1782656662992768, 5.09574754383858], [2.3265743047692697, 5.0648499429632], [2.4439853423638835, 5.009234261387517], [2.5428578194332694, 4.959797945718738], [2.6417302965026557, 4.922720824668283], [2.7035254982534145, 4.928900344843359], [2.5984735010089524, 4.965977465893814], [2.474882943239263, 5.027772821912745], [2.3574720599128214, 5.083388503488427], [2.2709586231935868, 5.120465778807055], [2.1968042268245043, 5.169901940207662], [2.1473680654238976, 5.219338101608268], [2.1041112699301943, 5.299672018152427], [2.097931749755119, 5.392364975046737], [2.1041112699301943, 5.503596492466276], [2.1535475855989734, 5.688982251986723], [2.2153427873497322, 5.892906726300571], [2.3451128652944977, 6.053574405120716], [2.5041562545292173, 6.237252570242734], [2.6161464628197892, 6.330595150410311], [2.7273779802393268, 6.367672271460766], [2.832429977483789, 6.3738517916358415], [2.918943414203023, 6.448006188004925], [3.073431572848092, 6.57777626594969], [3.240278771843313, 6.74462346494491], [3.425664685631933, 6.9423684190836825], [3.617229965327457, 7.096856577728751], [3.808795399291153, 7.220447135498441], [4.012719873605001, 7.325499132742902], [4.185746592775298, 7.418192089637213], [4.346414271595442, 7.461448730862744], [4.451466268839904, 7.517064566706599], [4.531800185384062, 7.646834644651364], [4.729545139522835, 7.850759118965212], [4.939648979743587, 7.931092881241198], [5.1003168128319025, 8.011426797785356], [5.279523052177275, 8.104119754679665], [5.421652170472192, 8.135017355555046], [5.557601768592034, 8.091760560061344], [5.699730886886951, 8.005247277610282], [5.7862443236061845, 7.955810961941501], [5.953091676869578, 7.974349676734901], [6.119938875864798, 7.955810961941501], [6.280606554684943, 7.999067757435205], [6.453633428123411, 8.054683439010887], [6.5543932220118775, 8.06941095860931], [6.634727138556036, 8.075590478784386], [6.727420095450346, 8.155924241060372], [6.764497216500801, 8.291873993448384], [6.894267294445567, 8.396925836424675], [7.042575932915559, 8.471080232793756], [7.234141366879255, 8.514336874019287], [7.407168086049552, 8.52669591436944], [7.561656398962794, 8.54523462916284], [7.747042158483241, 8.594670790563447], [7.932428072271861, 8.61938887126375], [8.130172872142461, 8.631747911613902], [8.352635906981536, 8.61938887126375], [8.538021820770156, 8.55759366951299], [8.667791898714924, 8.495798313494062], [8.80992101700984, 8.440182631918377], [8.975343857970847, 8.43352596028659], [9.089694832101078, 8.353476822788371], [9.126771953151533, 8.254604345718985], [9.20710586969569, 8.18662962379315], [9.367773548515835, 8.180450103618073], [9.479005065935374, 8.180450103618073], [9.584057063179834, 8.13719330812437], [9.682929540249221, 8.112475227424069], [9.855956259419518, 8.081577626548688], [10.02280361268291, 8.032141310879908], [10.171112251152904, 7.995064189829454], [10.294702808922592, 7.970346109129151], [10.43683192721751, 7.951807548603923], [10.535704404286895, 7.9270894679036195], [10.65311544188151, 7.914730273285295], [10.801424080351502, 7.896191712760069], [10.949732718821496, 7.834396511009309], [11.060964236241032, 7.754062594465151], [11.1907343141858, 7.66136963757084], [11.314324871955488, 7.58721539546993], [11.394658788499646, 7.4821633982254685], [11.46881318486873, 7.3894704413311585], [11.561429779017786, 7.289802249029402], [11.637740227361974, 7.201716202562441], [11.773689825481815, 7.090484685142902], [11.866382782376126, 7.065766604442599], [12.095025337390277, 7.0101509228669165], [12.286590617085801, 6.94217604667291], [12.453437970349194, 6.861842284396923], [12.620285169344415, 6.769149327502613], [12.737696206939027, 6.676456370608303], [12.848927724358566, 6.577583893538917], [12.941620681252877, 6.491070456819683], [12.991056842653483, 6.416916214718772], [13.04049300405409, 6.3489413385247655], [13.151724521473627, 6.324223257824462], [13.26539332174625, 6.236793159625829], [13.395383077568273, 6.142552430159521], [13.506614594987811, 6.037500432915058], [13.624025632582423, 5.913909875145368], [13.729077629826886, 5.808857877900907], [13.809411392102872, 5.691446840306293], [13.840309147246424, 5.592574363236907], [13.858847707771652, 5.499881560610769], [13.852668187596578, 5.401009083541383], [13.809411392102872, 5.302136606471997], [13.766154750877341, 5.215623169752763], [13.679641314158108, 5.129109733033529], [13.611666592232273, 5.042596450582466], [13.500435074812735, 5.005519175263839], [13.38302403721812, 4.968442054213384], [13.253253959273357, 4.919005892812777], [13.148201962028894, 4.875749097319074], [13.086406760278136, 4.844851496443694], [13.290331080323812, 