{"name": "Indian flying fox", "scale": 0.0189748517561244, "slice_polygons": [[[[[7.463285654211334, 0.9599159292628153], [7.05873877879448, 1.1043969019835438], [6.610847649511111, 1.364462804679669], [6.350781746814985, 1.6389767287484602], [6.090716033867378, 2.0290753930441303], [5.873994385037768, 2.346933570979437], [5.469447699369431, 2.4480702898336504], [5.108245077819093, 2.491414733448683], [4.761490667389937, 2.606999473675562], [4.414736256960782, 2.7948247002628053], [3.995741360171263, 2.9537538841047177], [3.6345387386209236, 3.141579110691961], [3.3311285820582834, 3.4594374783757846], [3.085510890483341, 3.8784323751653043], [3.013270404122977, 4.297427271954824], [3.1144071229771906, 4.7164221687443435], [3.3022323495644343, 5.005384303934318], [3.5767462736332254, 5.193209530521561], [3.172199587964889, 5.092072811667348], [2.6665159936938223, 5.077624790294682], [2.261969118276968, 5.395482968229989], [1.8429742214874485, 5.872270330007206], [1.6118045512851724, 6.3346096704117585], [1.4095311135767457, 6.898085539922007], [1.3517388383375646, 7.476009620553438], [1.2794981622286827, 7.909452728464141], [1.0916729356414394, 8.183966652532932], [1.06277670314759, 8.646305803188968], [1.0483286817749244, 9.108645143593519], [1.1061209570141053, 9.585432315622219], [1.2939463733498664, 10.047771656026772], [1.452875557191778, 10.654591969152053], [1.594755457233777, 11.123900393109594], [1.7247882188333221, 11.629583987380661], [1.9559578890355984, 11.990786419182482], [2.172679348116691, 12.395333294599336], [2.4905377158005146, 12.785432148643524], [2.779499661241972, 13.175530812939195], [3.1840465366588258, 13.565629477234866], [3.64638568731486, 13.796799147437142], [4.050932562731714, 14.027968817639419], [4.599960410869296, 14.056865050133267], [5.1056440051403635, 14.215794044226662], [5.5968793882902474, 14.15800176898748], [6.160355447549013, 13.99907258514557], [6.680487063192746, 13.724558661076777], [6.983897219755386, 13.4933889908745], [7.38844409517224, 13.40670048314147], [7.9808161971763365, 13.348908018153773], [8.486499791447406, 13.218875066805708], [8.674325018034649, 13.363356229274956], [8.659876996661982, 13.739006682449443], [8.674325018034649, 13.926832098785203], [8.948838942103439, 14.085761282627114], [9.425626303880657, 13.984624563772902], [9.685692206576782, 13.97017635265172], [10.104687103366302, 14.042416839012082], [10.509233978783156, 14.114657325372447], [10.841540178091126, 14.013520606518235], [10.942676896945342, 13.753454893570627], [10.913780664451492, 13.377804250647623], [11.260535074880647, 13.276667531793407], [11.567464686947014, 13.255941490968711], [11.96479732372619, 13.258287731388357], [12.311551734155344, 13.373872471615234], [12.614961890717986, 13.633938374311361], [12.947268279774473, 13.894004087258967], [13.048404998628689, 14.211862454942791], [13.192885971349416, 14.515272421756913], [13.640777100632786, 14.50082440038425], [14.204252970143033, 14.197414243821608], [14.706525455313901, 13.850365343693198], [15.356690022305697, 13.633643694863588], [15.977958356803644, 13.272441263061767], [16.541434416062412, 12.752309647418032], [16.888188826491564, 12.159937355665418], [17.17715077193302, 11.582013275033988], [17.451664696001814, 11.148570356871803], [17.596145668722542, 10.45506153601349], [17.596145668722542, 9.877137455382059], [17.76952287393712, 9.414798114977508], [17.841763550046004, 8.793529780479561], [18.029588776633247, 8.244501932341977], [17.92845205777903, 7.8688512894189735], [18.01514075526058, 7.46430441400212], [17.95734829027288, 6.68410708541078], [17.885107803912515, 6.178423491139712], [17.728504936895906, 5.820055522693221], [17.554804969452956, 5.501864715606629], [17.193602347902615, 5.357383742885902], [17.092465629048405, 4.981733099962896], [16.846847937473463, 4.418257230452649], [16.427853040683942, 4.100398862768825], [16.03775437638827, 3.9270216575542474], [15.612402524763416, 3.887005782434274], [15.305291892611296, 3.9267770717151107], [15.045226179663688, 4.0279137905693245], [14.669575536740682, 4.201291185532419], [14.871848974449112, 4.0279137905693245], [15.160810919890567, 3.8400885639820808], [15.391980590092842, 3.4788859424317415], [15.37753237897166, 2.92985809429416], [15.147192099539645, 2.4632226577035037], [14.754290090645524, 2.0956126082121567], [14.364191426349855, 1.8210986841433652], [13.901852275693818, 1.5610327814472402], [13.4250649139166, 1.4309998300991773], [12.919381319645534, 1.4598960625930266], [12.457041979240982, 1.5032405062080592], [12.168080033799525, 1.3876555762326623], [11.940334375596642, 1.1459410116639552], [11.506891267685939, 0.9003233200890133], [11.001207673414871, 0.6980498823805864], [10.42328359278344, 0.6258093960202221], [9.960944442127404, 0.7124979037532523], [9.628638053070915, 0.9436675739555284], [9.368572340123308, 1.4204549357327463], [9.296331853762942, 1.8972422975099643], [9.339676107629458, 2.316237194299484], [9.368572340123308, 2.9230575074247644], [9.383020361495973, 3.428741101695832], [9.397468382868638, 3.9199764848457157], [9.541949545337884, 4.208938430287173], [9.845359701900525, 4.367867614129085], [10.19211411232968, 4.367867614129085], [10.6111090091192, 4.440108100489448], [11.044551927281386, 4.469004332983298], [11.521339289058602, 4.541244819343662], [11.160136857256783, 4.599037284331361], [10.813382446827626, 4.541244819343662], [10.394387550038108, 4.469004332983298], [10.047632949860434, 4.4112118679956], [9.758671004418977, 4.454556311610632], [9.498605101722852, 4.642381538197875], [9.411916593989822, 4.887999229772817], [9.339676107629458, 5.148065132468943], [9.339676107629458, 5.451475289031584], [9.383020361495973, 5.884918207193769], [9.368572340123308, 6.2461208287441075], [9.484157080350187, 6.506186541691715], [9.773119025791644, 6.592875239173263], [9.455260847856337, 6.665115725533627], [9.122954458799848, 6.665115725533627], [8.83399251335839, 6.6362194930397775], [8.992921697200302, 6.535082774185565], [9.079610204933333, 6.2605688501167736], [9.151850691293696, 5.884918207193769], [9.13740266992103, 5.480371331776915], [9.108506437427181, 5.1625131538416085], [9.094058416054516, 4.873551208400151], [8.94957725358527, 4.671277770691725], [8.761752026998026, 4.599037284331361], [8.487238102929235, 4.584589073210177], [8.270516643848142, 4.685725792064391], [7.967106487285502, 4.7868625109186045], [7.678144352095528, 4.844654975906303], [7.345838152787556, 4.945791694760516], [6.869050791010339, 4.989135948627031], [7.345838152787556, 4.844654975906303], [7.764833049577075, 4.757966278424755], [8.198275967739262, 4.62793351682521], [8.501686124301902, 4.512348586849813], [8.86288874585224, 4.38231563550175], [8.964025464706452, 4.035561225072595], [8.94957725358527, 3.6165663282830756], [8.877336767224906, 2.9952979937851287], [8.776200048370692, 2.316237194299484], [8.689511540637662, 1.6805208384288717], [8.502823097419128, 1.3004283724582761], [8.102120526968065, 0.9376464739962749], [7.784262159284241, 0.9376464739962749], [7.463285654211334, 0.9599159292628153]]]]]}