{"name": "Philippine flying lemur", "scale": 0.0180407073768578, "slice_polygons": [[[[[11.665825338278148, 2.8803959372399155], [11.386889662799156, 2.7047698313332775], [10.963320914651598, 2.539474556098924], [10.570744838927967, 2.4671580197646414], [10.13684507970105, 2.5291437254266405], [9.692614309394779, 2.735762684164277], [9.32070025582986, 2.9733743153258394], [9.155404980595508, 3.355619379970114], [9.041764580350867, 3.7172026028627467], [8.979778874688868, 4.068454814676023], [9.062426602509582, 4.316397456916942], [9.444671667153857, 4.430038037568655], [9.785592867887775, 4.471361721071938], [10.13684507970105, 4.554009268485578], [10.601737691758965, 4.708973532640575], [10.25048547994569, 4.636656815899218], [9.930226120963413, 4.533347426733937], [9.527319214567497, 4.450699879320297], [9.176067002754221, 4.388714173658299], [8.897131327275229, 4.419707026489298], [8.762829085278948, 4.595333132395935], [8.742167243527307, 4.884599638547212], [8.73183623244795, 5.225520839281129], [8.752498074199591, 5.535449367591122], [8.928124180106229, 5.742068326328759], [9.186397833426506, 5.773061179159758], [9.434340656074498, 5.835046704414682], [9.165735991674865, 5.938356273987038], [8.659519515706593, 5.948687285066396], [8.297936473221034, 6.000341979649036], [8.049993650573041, 5.87637056832504], [8.215288925807393, 5.721406304170044], [8.256612609310677, 5.380485103436126], [8.297936473221034, 5.1015496083642065], [8.277274631469393, 4.760628227223215], [8.194626903648679, 4.512685584982295], [8.08098650340404, 4.3990451847376555], [7.740065302670122, 4.378383162578941], [7.409474932608488, 4.337059479075657], [7.089215573626212, 4.306066626244658], [6.861934773136933, 4.202757056672303], [6.841272931385292, 4.068454814676023], [7.027229867964214, 4.192426226000019], [7.275172690612207, 4.275073773413659], [7.574770207842842, 4.337059479075657], [7.88469855574576, 4.347390309747942], [8.11197935623504, 4.316397456916942], [8.359922178883032, 4.0477929729243805], [8.504555431958671, 3.7068715917833894], [8.58720297937231, 3.3969432438804708], [8.618195832203309, 3.056022043146553], [8.55621012654131, 2.7667553565882024], [8.349591167803675, 2.539474556098924], [8.049993650573041, 2.3328555973612874], [7.68841060808748, 2.208884366444364], [7.18219413211921, 2.146898660782366], [6.7137756442115615, 2.171895684516666], [6.35971882402948, 2.274877995657205], [6.039459465047204, 2.243885142826206], [5.667545411482287, 2.1405757536609245], [5.243976663334729, 2.1405757536609245], [4.861731598690454, 2.150906584333208], [4.56213408145982, 2.243885142826206], [4.200550858567187, 2.481496954394842], [3.9732700580779086, 2.7294395966357623], [3.880291499584911, 2.925727724701115], [4.045586774819265, 3.2459870836833913], [4.200550858567187, 3.669555831830949], [4.376176964473824, 4.041470065802939], [4.531141228628821, 4.2894127080438595], [4.582795923211462, 4.485700655702139], [4.407169817304824, 4.599341055946778], [4.417500828384182, 4.310074549795501], [4.376176964473824, 4.093124760385581], [4.221212880725902, 3.803858254234304], [4.097241469401905, 3.483598895252027], [3.9526082163262672, 3.142677514111036], [3.7873129410919133, 2.967051408204398], [3.4773845931889946, 2.9980442610353975], [3.219110939868717, 3.132346683438752], [2.8781897391348, 3.431944020262313], [2.6199159054074483, 3.783196232075588], [2.4339589688285264, 4.165441296719863], [2.3203185685838874, 4.485700655702139], [2.1240304405185344, 4.940262437087769], [2.0827067570152513, 5.425816890897326], [2.217008999011532, 5.942364197537882], [2.3823040938388123, 6.479573526337151], [2.522582139746603, 6.9265513551556985], [2.635412873044169, 7.379526095513388], [2.831701001109522, 7.668792601664664], [3.162291190764082, 7.782433001909303], [3.399903002332718, 7.906404413233301], [3.069312812678158, 7.792764012988661], [2.8007081482785225, 7.803094843660945], [2.6870677480338836, 8.009713802398583], [2.676736736954526, 8.371297025291215], [2.831701001109522, 8.67089454252185], [3.0589818015988004, 9.022146754335125], [3.33791729667072, 9.394060807900042], [3.7718172363047087, 9.745313019713317], [4.04042172029727, 9.962262809123237], [4.515645343434543, 10.210205631771231], [4.866897555247818, 10.396162748757227], [5.125171208568096, 10.447817443339867], [5.29046648380245, 10.644105390998146], [5.492679180170363, 10.852010291357606], [5.854262403062996, 11.120614955757242], [6.329485845793194, 11.389219620156876], [6.763385605020109, 11.668155115228796], [7.341918797729737, 11.80245753763215], [7.796480398708294, 11.85411223221479], [8.220049327262926, 11.719809990218511], [8.581632369748485, 11.564845726063515], [8.82957519239648, 11.31690290341552], [8.963877434392758, 11.07929127225396], [9.098179856796113, 10.810686607854324], [9.253143940544035, 11.027636397264244], [9.52174860494367, 11.368557778405236], [10.08995078657394, 11.595838578894513], [10.473916934701966, 11.652204243394474], [11.032175800054409, 11.605015525922974], [11.683025348691244, 11.439720431095695], [12.016651067769036, 11.186309830855922], [12.472511238864579, 10.902486386527316], [12.823763450677854, 10.58222702754504], [12.958065692674134, 10.210312973980125], [13.267994220984125, 10.055348709825129], [13.753548674793683, 9.755751373001567], [14.1254627283586, 9.611117939518854], [14.507707793002874, 9.456153855770932], [14.993262427219504, 9.228873055281653], [15.263708506621095, 8.959997419457219], [15.540128225049312, 8.653593323740369], [15.726085342035306, 8.261017248016737], [15.736416172707592, 7.8891031944518195], [15.68476147812495, 7.661822393962542], [15.55045923612867, 7.568843835469544], [15.354171288470392, 7.537850982638545], [15.033911929488113, 7.568843835469544], [14.734314412257481, 7.651491382883184], [14.631004842685124, 7.579174666141828], [14.847954812502119, 7.558512824390187], [15.209537854987678, 7.537850982638545], [15.46781168871503, 7.465534265897189], [15.674430647452667, 7.403548740642264], [16.046344701017585, 7.114282054083913], [16.27362550150686, 6.856008400763635], [16.294287343258503, 6.53574904178136], [16.28395651258622, 6.1638349882164425], [16.077337553848583, 5.946885018399448], [15.757078194866306, 5.936554187727165], [15.333509266311676, 5.864237470985808], [15.860387584031589, 5.853906640313523], [16.097999395600223, 5.812582776403167], [16.28395651258622, 5.564639953755173], [16.354787216260945, 5.210041551537638], [16.24245404567283, 4.98954369620791], [16.118482634348833, 4.834579432052915], [16.07715877043848, 4.534982095229354], [15.87053981170084, 4.2767082615020025], [15.65359002229092, 4.070089483171439], [15.374654346811926, 3.8634705244338026], [15.13704253524329, 3.739499113109806], [14.827114187340374, 3.625858712865166], [14.506854828358096, 3.5742040182825257], [14.196926480455177, 3.63618954353745], [13.979976510638183, 3.8944633772648016], [13.794019393652187, 4.256046419750361], [13.653050929873086, 4.491162299453409], [13.508417676797446, 4.718443280349761], [13.312129729139167, 4.976716933670039], [13.157165464984171, 4.976716933670039], [13.394777276552809, 4.74943613318076], [13.549741540707803, 4.553148005115407], [13.673712771624725, 4.377521899208769], [13.828677035779723, 4.09858640413685], [14.035295994517359, 3.788657875826858], [13.94231743602436, 3.613031769920221], [13.69437479378344, 3.375420138758658], [13.436101140463164, 3.106815474359023], [13.10551077040153, 2.9828440630350257], [12.702603864005614, 2.91052734629367], [12.451523040716488, 2.873797909330977], [12.175329733165853, 2.9243071994022616], [11.937717921597216, 3.0689404524778996], [11.665825338278148, 2.8803959372399155]]]]]}