{"name": "Giant anteater", "scale": 0.0390109674263493, "slice_polygons": [[[[[5.192185385422702, 16.343467693476942], [5.292981532949229, 16.7466530638024], [5.393777680475757, 17.149838044018182], [5.5147335256391985, 17.290953196708866], [5.534892833166438, 17.512704799289157], [5.555052140693679, 17.83525332961533], [5.635688980692966, 18.137642162304587], [5.736485518329167, 18.66178298768381], [5.8171223583284535, 19.165764505535794], [6.038874351018422, 19.7302239459695], [6.300944568653198, 20.33500200145769], [6.603333791452129, 20.81882421178243], [6.946041239195864, 21.181690967053406], [7.308907994466841, 21.383283652216136], [7.611296827156098, 21.463920492215422], [7.853208127373306, 21.383283652216136], [8.074960120063276, 21.484079799742663], [8.155596960062562, 21.665513177378152], [8.155596960062562, 22.00822062512189], [8.236234190171523, 22.290450540393575], [8.338059447018757, 22.748541506713572], [8.600130054763207, 23.111408261984554], [9.063792957560711, 23.47427501725553], [9.507296942940648, 23.635549087363774], [9.970959845738152, 23.716185927363064], [10.474941753699811, 23.65570839489102], [10.978923271551796, 23.534752549727575], [11.321630719295532, 23.192045101983837], [11.543382711985501, 22.929974884349065], [11.765134314565795, 22.627585661550132], [11.906249467256478, 22.56710812907809], [12.30943444747226, 22.647744969077372], [12.752938432852199, 22.56710812907809], [13.19644202812246, 22.36551544391536], [13.539149865975872, 22.042967303698862], [13.720582853501687, 21.780896695954414], [13.821379391137889, 21.43818924821068], [13.881857313719609, 20.994685262830735], [13.942334846191656, 20.571340975087715], [14.022972076300617, 20.24879283487122], [14.095374871405223, 19.944771003085496], [13.994578723878696, 19.64238217039624], [13.833304653770448, 19.239196800070783], [13.712348808607008, 18.936807967381526], [13.611552661080479, 18.654578052109837], [13.510756513553954, 18.29171129683886], [13.954260108824215, 18.29171129683886], [14.317126864095192, 18.432826449529543], [14.659834311838928, 18.55378190458331], [15.224293752272633, 18.674737359637078], [15.728275270124618, 18.7352152822188], [16.292734710558324, 18.896489352327045], [16.59512354324758, 19.158559960071496], [17.099105451209237, 19.622222862869002], [17.50229043142502, 20.025408233194455], [18.107068486913207, 20.368115680938196], [18.63120931229243, 20.52938975104644], [18.97391676003617, 20.71082312868193], [19.356942822834387, 20.73098243620917], [19.67949096305088, 20.589867673628167], [20.0625170258491, 20.408434295992674], [20.482995177815308, 20.23163113008102], [20.90633946555833, 20.050197752445534], [21.26920622082931, 19.78812753481076], [21.692550898682004, 19.46557939459426], [22.19653241653399, 19.062394024268805], [22.640036401913928, 18.840642031578835], [23.02306246471214, 18.780164108997113], [23.446406752455168, 18.840642031578835], [24.010866192888873, 18.699527268997826], [24.43421087074157, 18.598730731361623], [25.0994664587018, 18.477775276307856], [25.28089983633729, 18.37697912878133], [25.583288669026544, 18.21570505867308], [25.30105914386453, 18.538253198889578], [25.139785073756283, 18.921279261687793], [24.958351696120797, 19.344623549430818], [24.857555158484594, 19.909082989864526], [24.918033081066312, 20.51386104535271], [25.03898853612008, 20.634816500406476], [25.01882922859284, 20.977523948150214], [25.0994664587018, 21.562142696111156], [25.28089983633729, 21.965328066436616], [25.764722046662037, 22.449150276761358], [26.14774810946025, 22.67090226945133], [26.55093347978571, 22.71122088450581], [26.893640927529443, 22.691061576978566], [27.075074305164936, 22.590265039342366], [27.43794106043591, 23.053928332249548], [27.740329893125168, 23.416795087520523], [28.224152493559583, 23.61838738257358], [28.678126242377402, 23.67063126026062], [29.323222522810397, 23.529516497679612], [29.766726508190334, 23.327923812516882], [30.169911878515794, 22.985216364773148], [30.53277863378677, 22.64250891702941], [30.835167466476026, 22.239323546703954], [31.238352836801486, 21.755501336379208], [31.58106028454522, 21.39263458110823], [31.762493662180706, 21.13056397336378], [31.762493662180706, 20.888653063256246], [32.044723187342726, 20.707219685620757], [32.306793795087174, 20.304034315295304], [32.528545397667465, 19.941167560024326], [32.75029739035744, 19.51782288217163], [32.95189007552017, 18.9936820567924], [33.05268661315637, 18.530019153994896], [33.133323453155654, 18.1066744761422], [33.234119990791854, 17.784126335925706], [33.2945975232639, 17.40110027312749], [33.35507544584562, 16.957596677857225], [33.35507544584562, 16.776163300221736], [33.35507544584562, 15.989951867098062], [33.42850774038061, 15.515818810753002], [33.42850774038061, 15.112633440427542], [33.247074362745124, 14.588492615048319], [33.045481677582394, 14.064351789669093], [32.884207607474146, 13.580529189234674], [32.581818384675216, 13.177344209018893], [32.25927024445872, 12.915273601274443], [31.916562796714985, 12.834636761275155], [31.63433327155297, 12.874954986219963], [31.33194404875404, 12.935432908801683], [31.069873831119263, 12.874954986219963], [30.888440453483774, 12.693521608584474], [30.928759068538252, 12.491929313531418], [31.21098859370027, 12.27017732084145], [31.63433327155297, 11.766195802989465], [31.977040719296706, 11.322691817609527], [32.36006678209492, 10.818710299757544], [32.60197769220245, 10.213932244269358], [32.66245561478418, 9.891384104052863], [32.682614922311416, 9.508358041254645], [32.64229630725694, 9.16565059351091], [32.54150015973041, 8.782624530712692], [32.36006678209492, 8.339120935442429], [32.13831478940495, 7.935935565116972], [31.876244181660503, 7.573068809845994], [31.542800278241828, 7.181205202487012], [31.28072967049738, 6.79817952979847], [31.038818760389844, 6.616746152162981], [30.796907460172633, 6.314356929364052], [30.554996159955422, 5.991808789147555], [30.434040704901655, 5.749897488930346], [30.252607327266166, 5.346712508714563], [29.88974057199519, 4.842730600752905], [29.587351739305937, 4.479863845481928], [29.204325676507718, 4.1573157052654315], [28.599547621019536, 3.935563712575463], [28.216521558221316, 3.7541303349399744], [27.793177270478292, 3.653334187413447], [27.410151207680077, 3.653334187413447], [26.9464879147729, 3.713812109995168], [26.462665704448153, 3.935563712575463], [26.1602768717589, 4.177475012792672], [25.97884349412341, 4.439545620537121], [25.878046956487207, 4.782253068280858], [25.676454271324477, 5.42734934871385], [25.878046956487207, 4.64113830569985], [25.93852487906893, 4.278271550428873], [25.77725080896068, 3.975882327629943], [25.49502089368899, 3.5122194248324394], [25.293428598635938, 3.1896712846159434], [24.930561843364963, 2.927600676871494], [24.487057857985025, 2.6453711517094782], [24.104031795186806, 2.544574614073277], [23.853708950173125, 2.4721718189686697], [23.571479425011113, 2.3915345888597086], [23.248931284794615, 2.2907384413331813], [22.966701369522923, 2.1294643712249335], [22.644153229306433, 2.028667833588732], [22.321605089089935, 1.9883492185342513], [21.898260411237235, 2.028667833588732], [21.313642053385966, 2.1899419036969796], [20.910456683060506, 2.371375281332468], [20.587908542844012, 2.6334458890769175], [20.305678627572323, 2.9358347217661733], [20.225041787573034, 3.3188607845643903], [20.204882480045796, 3.742205462417088], [20.325837935099564, 4.2663462877963125], [20.406475165208526, 4.689690575539336], [20.628226767788817, 4.951761183283786], [20.89029737553327, 4.992079798338266], [21.112049368223236, 5.133194560919274], [20.849978760478788, 5.153353868446514], [20.44679339015333, 5.254150015973041], [20.104085942409593, 5.375105861136483], [19.922652564774104, 5.596857463716777], [19.761378494665855, 5.858928071461227], [19.68074165466657, 6.241954134259444], [19.68074165466657, 6.705617037056948], [19.801697109720337, 7.108802407382405], [20.003289794883067, 7.471669162653382],