{"name": "Guineapig", "scale": 0.018967419738984, "slice_polygons": [[[[[9.004449642866247, 4.319947064207599], [8.964434646465504, 4.15988631990784], [8.904411867353096, 4.1198711338329], [8.734347326534602, 4.089859744276695], [8.924419460390565, 4.01983316864555], [8.87440047779689, 3.7897460383888437], [8.824381495203216, 3.5496549219392044], [8.784366309128275, 3.319567602008301], [8.744351123053336, 3.049465096002457], [8.674324547422192, 2.7993701830340827], [8.524267599641167, 2.6092980491781192], [8.324191669266469, 2.479248884108762], [8.064092959779359, 2.409222308477617], [7.793990453773516, 2.409222308477617], [7.503880544404399, 2.469245087590027], [7.223774241879821, 2.5392714735469744], [6.963675532392711, 2.639309438734324], [6.7635996020180125, 2.7293436074029382], [6.583531264680783, 2.819377776071553], [6.3634477412686135, 2.869396758665228], [6.153368204049377, 2.8894043517026975], [5.883265698043533, 2.8994081482214327], [5.55314041292528, 2.909411944740168], [5.203007534769557, 2.9494271308151077], [4.942908825282448, 2.989442316890047], [4.642795119394596, 3.049465096002457], [4.4227115959824275, 3.1094878751148665], [4.162612886495318, 3.219529636820951], [3.9425293630831493, 3.3395751950457706], [3.7324496361897155, 3.47962834630806], [3.5623850953712215, 3.6697004801640243], [3.432335740627667, 3.8297612244637835], [3.3623093546707192, 3.9998255756080803], [3.1422258312585503, 4.03984076168302], [2.902134714808912, 4.029836965164286], [2.6520398018405373, 4.13987872687037], [2.4319562784283684, 4.279931878132659], [2.2718955341286096, 4.460000215469888], [2.0718196037539105, 4.710095128438262], [1.9217628456470832, 4.970193837925371], [1.8417324734972038, 5.280311530006155], [1.8317286769784689, 5.590429032412741], [1.8617400665346735, 5.890542927974789], [2.001793217796963, 6.150641637461898], [2.101830993310115, 6.260683399167982], [2.2818993306473443, 6.320706178280392], [2.461967667984574, 6.410740346949007], [2.7220663774716827, 6.400736550430271], [2.9821650869587915, 6.340713771317862], [3.1122144417023456, 6.340713771317862], [2.8921309182901767, 6.530785905173826], [2.682051191396743, 6.640827666879911], [2.602020819246863, 6.880918593655353], [2.642036005321803, 7.181032489217401], [2.7520777670278873, 7.411119809148306], [2.962157493921321, 7.6011919430042685], [3.2022486103709604, 7.751248890785294], [3.3923207442269248, 7.961328617678728], [3.652419264039836, 8.151400561860495], [3.872502787452005, 8.351476492235195], [4.142605293457849, 8.541548626091158], [4.432715392501162, 8.711613166909652], [4.782848270656886, 8.781639742540797], [5.182999941732087, 8.771635946022062], [5.4731100407754, 8.721616963428387], [5.65317837811263, 8.546550524350526], [5.803235325893653, 8.381487881791399], [5.8882675963029, 8.256440425307211], [5.96829796845278, 8.151400561860495], [6.04832834060266, 8.116387274044921], [6.098347323196335, 8.236432832269742], [6.093345424936968, 8.421503067866338], [6.330935497419824, 8.385239447741572], [6.567275047919289, 8.261442323566579], [6.73608925642859, 8.081374175903548], [6.893648956761566, 8.193916791902216], [7.118734378433103, 8.25018819473865], [7.355073928932568, 8.25018819473865], [7.591413669106231, 8.205171110404343], [7.726464922109153, 8.137645389065783], [7.88402462244213, 8.238933876236525], [8.187889894280154, 8.295205279072958], [8.457992400285999, 8.396493576569501], [8.773111990626148, 8.419002213573753], [8.953180327963379, 8.385239447741572], [9.043214496631993, 8.205171110404343], [9.167011431132789, 8.171408154897964], [9.335825449967892, 8.25018819473865], [9.44836806596656, 8.385239447741572], [9.560910871639429, 8.47527342673599], [9.797250422138895, 8.464019297908061], [10.168641415315479, 8.407747895071626], [10.461252368651376, 8.317713726403012], [10.802157407429887, 8.229766542928278], [11.094768360765787, 8.21851241410035], [11.43239639843599, 8.173495329766043], [11.69124458593971, 8.083461161097427], [11.927584326113372, 8.004681121256741], [12.05138126061417, 8.072206842595302], [12.107652663450601, 8.21851241410035], [12.287721000787831, 8.342309348601145], [12.591586272625857, 8.454851964599815], [12.872942907459628, 8.64617462043917], [13.210570945129835, 8.8262429577764], [13.660741788472906, 8.93878557377507], [13.994703044559174, 8.896473053821344], [14.377348356237883, 8.750167482316295], [14.64745067256953, 8.603861910811247], [14.951315944407556, 8.390030807641837], [15.266435534747705, 8.142436938640246], [15.559046677757802, 7.849825985304347], [15.885420396925882, 7.5347063949641955], [16.087997181593167, 7.2646038889583515], [16.223048434596087, 6.9607386171203265], [16.17803135026178, 6.6906361111144825], [16.04298009725886, 6.499313644949325], [15.885420396925882, 6.4205336051086395], [15.694097741086528, 6.353008073444277], [15.93043748126019, 6.364262391946403], [16.223048434596087, 6.431787923610765], [16.493150940601932, 6.3980251577785845], [16.684473596441286, 6.1616854176049225], [16.797016212439956, 5.767785977098281], [16.81952484944421, 5.407649492098021], [16.67321927793916, 5.09252990175787], [16.56067666194049, 4.799918948421971], [16.358099687599008, 4.462290721077568], [16.04298009725886, 4.214696852075976], [15.761623462425087, 4.034628514738747], [15.514029593423496, 4.012120067408692], [15.187655684581218, 4.000865748906566], [15.018841665746114, 4.000865748906566], [14.872536094241067, 3.8658144959036442], [14.669959309573782, 3.6069663083999264], [14.276059869067142, 3.348118120896209], [14.049166472946085, 3.2055567180476365], [13.779063966940244, 3.081759783546841], [13.497707142432272, 2.9804712963760998], [13.193841870594246, 2.9129457647117376], [12.90123091725835, 2.822911596043123], [12.563602879588142, 2.8004031487130683], [12.147194802077252, 2.789148830210942], [11.764549680072738, 2.8004031487130683], [11.460684408234712, 2.7103689800444535], [11.11180205206238, 2.5865718558694604], [10.819191098726481, 2.5077920057029717], [10.492817189884205, 2.4402664740386095], [10.200206236548306, 2.395249389704303], [9.963866496374642, 2.4065037082064284], [9.705018308870926, 2.485283558372917], [9.513695842705767, 2.65409757720802], [9.367390271200719, 2.8566743618753043], [9.322373186866413, 3.1267768678811483], [9.299864549862159, 3.430642139719173], [9.311118868364286, 3.7345074115571975], [9.254847465527853, 3.9595928332287342], [9.299864549862159, 4.060881320399475], [9.491187205701516, 4.08338976772953], [9.232339018197798, 4.1509154890680895], [9.176067615361363, 4.285966552396815], [9.052270680860568, 4.330983636731122], [9.004449642866247, 4.319947064207599]]]]]}