{"name": "West European hedgehog Cell", "scale": 0.0163802541016401, "slice_polygons": [[[[[8.0162075734629, 3.5719891037239293], [8.089696600674662, 3.415825002800204], [8.098882647174863, 3.2412886450735385], [8.108068857477603, 3.0943107544525543], [8.098882647174863, 2.8738436728172663], [8.080510390371922, 2.7176795718935414], [8.080510390371922, 2.561515470969816], [8.108068857477603, 2.405351370046091], [8.126440950478003, 2.2491872691223658], [8.126440950478003, 2.093023168198641], [8.089696600674662, 1.964417370578056], [7.970276849554279, 1.8358117367600124], [7.860043472539175, 1.7439504527453091], [7.758996142024272, 1.6612753790333468], [7.685507114812509, 1.541855791715503], [7.566087527494665, 1.4499945077007996], [7.437481729874081, 1.4040639475947185], [7.299689885753296, 1.376505480489037], [7.171084088132711, 1.3489471771858965], [7.005733940708787, 1.3673194339888373], [6.8036391158764395, 1.3948777372919776], [6.638288968452515, 1.4132499940949184], [6.48212486752879, 1.431622250897859], [6.335146813105265, 1.4591805542009995], [6.133052152075458, 1.47755281100394], [5.940143537545851, 1.486739021306681], [5.756420969516445, 1.486739021306681], [5.5910708220925205, 1.4683667645037402], [5.4073482540631135, 1.440808297398059], [5.251184153139388, 1.3948777372919776], [5.113392309018604, 1.3581332236860963], [5.012344978503701, 1.3397609668831556], [4.883739180883116, 1.3673194339888373], [4.782691850368213, 1.4224362043976593], [4.654086052747629, 1.4959250678068807], [4.534666465429785, 1.5694140950186435], [4.433619134914881, 1.6245308654274655], [4.314199547597038, 1.6612753790333468], [4.203966006779393, 1.6888336823364871], [4.11210472276469, 1.75313666304805], [4.038615859355469, 1.808253269654331], [3.881528403508034, 1.9038715287497865], [3.688581131578748, 2.0508476175428196], [3.624278314669726, 2.142708901557523], [3.4681142137460013, 2.2713146991781077], [3.3578806729283572, 2.3723620296930106], [3.2660193889136537, 2.473409360207914], [3.1833443152016914, 2.5928289475257573], [3.1282275447928694, 2.739807001949283], [3.045552471080907, 2.877598846070067], [2.990435700672085, 3.0429489934939924], [2.926132883763063, 3.171554791114577], [2.8526438565513, 3.318532845538102], [2.7975270861424786, 3.483882992962027], [2.6781074988246347, 3.5665580666739896], [2.54950170120405, 3.6216748370828116], [2.3994710226261433, 3.6674894249898533], [2.206574038076949, 3.732311659756438], [2.0687821939561646, 3.8425452005740817], [1.8942458362294987, 3.980337044694866], [1.7197094785028328, 4.136501145618592], [1.61866214798793, 4.255920732936436], [1.5176148174730266, 4.3753403202542795], [1.434939743761064, 4.5315044211780044], [1.3614507165493015, 4.660110218798589], [1.3522645062465608, 4.871391090131136], [1.3706367630495013, 5.128602521569764], [1.4073812766553828, 5.413372420114073], [1.4808703038671454, 5.661397641249962], [1.5911038446847894, 5.918609236491131], [1.7380817353057736, 6.203378971232898], [1.8023847160173365, 6.350357025656424], [1.8666875329263581, 6.469776612974268], [1.93099034983538, 6.635126924200734], [2.0779684042589053, 6.772918768321518], [2.24331855168283, 6.910710612442303], [2.4545994230153774, 6.993385686154266], [2.6750665046506654, 7.039316246260347], [2.8863472121806715, 7.112805273472109], [3.1803033210277216, 7.268969374395835], [3.5018175693753717, 7.38838912551622], [3.8876347984345845, 7.471064199228182], [4.301010330796938, 7.5721115297430845], [4.696013770158892, 7.700717327363669], [4.997100039813845, 7.779318468078013], [5.282094347839347, 7.7794819430139475], [5.511747475974835, 7.788667989514147], [5.768958907413463, 7.797854199816888], [6.081287109260914, 7.807040246317087], [6.320126447699143, 7.8162264566198285], [6.5038488519260085, 7.88971532002905], [6.687571419955415, 7.954018300740613], [6.944782851394043, 8.073437888058457], [7.137691465923649, 8.15611296177042], [7.303041777150115, 8.16529917207316], [7.578625465391684, 8.119368448164538], [7.76234786961855, 8.055065631255516], [7.835836896830313, 7.88052927352885], [7.863395200133453, 7.733551219105324], [7.826650850330112, 7.614131631787481], [7.780720126421491, 7.457967530863756], [7.76234786961855, 7.366106246849053], [7.780720126421491, 7.219128356228069], [7.789906336724232, 7.044591998501403], [7.808278593527172, 6.906800154380618], [7.845022943330512, 6.805752823865715], [7.936884227345216, 6.68633307274533], [8.019559301057178, 6.585285742230428], [8.09304832826894, 6.511796715018665], [8.221654125889525, 6.484238411715524], [8.33188766670717, 6.548541228624546], [8.469679510827953, 6.713891539851012], [8.533982327736975, 6.851683383971796], [8.478865557328154, 7.118081025713166], [8.41456274041913, 7.430409227560616], [8.38700427331345, 7.614131631787481], [8.37781822681325, 7.7243651726051255], [8.405376530116392, 7.87134306322611], [8.543168374237176, 8.055065631255516], [8.726890942266582, 8.128554658467278], [8.910613346493447, 8.17448521857336], [9.085149704220115, 8.100996191361597], [9.287244529052462, 8.018321117649634], [9.516897657187947, 7.954018300740613], [9.801667391929717, 7.87134306322611], [10.012948263262263, 7.797854199816888], [10.371207189018337, 7.7794819430139475], [10.659771901030373, 7.787003428092339], [10.990525104098971, 7.777805915414268], [11.275295002643281, 7.759433658611327], [11.477389663673089, 7.741061565610927], [11.707042791808576, 7.695130841702305], [11.982626480050143, 7.640014071293483], [12.212279608185632, 7.584897300884661], [12.368443709109357, 7.465477713566818], [12.561352323638962, 7.419547153460736], [12.80019149827465, 7.373616593354655], [13.1033336536219, 7.290941355840151], [13.434034112272293, 7.208266282128189], [13.608570469998957, 7.1255912084162265], [13.884154158240527, 7.024543877901324], [14.095435029573075, 6.91431033708368], [14.26997138729974, 6.776518492962895], [14.398577184920326, 6.62954043853937], [14.462880001829346, 6.464190291115445], [14.508810561935428, 6.225350952677217], [14.546811932438526, 6.06232942217638], [14.595030650240066, 5.885276893617162], [14.668574387500529, 5.719866303055602], [14.714505111409151, 5.563702202131877], [14.778807928318171, 5.37079358760227], [14.879855258833075, 5.168698926572464], [14.925785982741697, 5.003348615345998], [14.99927484615092, 4.736950973604629], [14.99927484615092, 4.553228569377763], [14.99927484615092, 4.4062505149542375], [14.907413725938756, 4.259272624333254], [14.861483002030134, 4.1214806164099285], [14.824738488424254, 4.020433285895026], [14.751249625015031, 3.910199908879922], [14.604271570591507, 3.7724079009565967], [14.494038029773863, 3.6713605704416934], [14.310315625546997, 3.5886854967297315], [14.135779267820332, 3.533568726320909], [13.979615166896608, 3.5060104230177687], [13.7958925988672, 3.4784519559120874], [13.676473011549357, 3.450893652608947], [13.547867377731311, 3.3498463220940433], [13.465192140216809, 3.193682221170319], [13.410075369807988, 3.028331909943853], [13.281469735989944, 2.798678781808365], [13.198794662277981, 2.64251468088464], [13.079374911157595, 2.5139090470665963], [12.932397020536612, 2.357744946142871], [12.812977433218768, 2.2566974518254272], [12.684371635598183, 2.1556501213105235], [12.546579791477399, 2.0729750475985615], [12.353671176947794, 1.9535554602807175], [12.179134819221128, 1.880066433068955], [12.003886903256285, 1.7780642975424672], [11.79251102644995, 1.6586375029128184], [11.562857898314462, 1.5759624292008563], [11.379135494087596, 1.5024734019890935], [11.17704083305779, 1.465728888383212], [11.020876568331524, 1.465728888383212], [10.8555264209076, 1.465728888383212], [10.690176109681133, 1.4565428418830122], [10.534012008757406, 1.4197983282771311], [10.377847907833681, 1.3922398611714495], [10.194125503606816, 1.3646815578683091], [9.955286328971129, 1.3463093010653684], [9.734819247335842, 1.3554955113681093], [9.578655146412116, 1.3554955113681093], [9.431677255791131, 1.3279370442624276], [9.257140898064467, 