{"name": "West European hedgehog Fiber", "scale": 0.0183924295582822, "slice_polygons": [[[[[9.075647621354907, 3.820844971756218], [9.10240345648193, 3.6067975550428404], [9.12915947553325, 3.419505973456487], [9.169293412148082, 3.258970226997159], [9.209427348762913, 3.111812582025638], [9.169293412148082, 2.9111430828757725], [9.12915947553325, 2.75060752034074], [9.15591549458457, 2.6168277929327313], [9.182671329711594, 2.4696701479612106], [9.142537393096763, 2.2690006488113452], [9.089025538918419, 2.0817090672249923], [8.915111874895578, 1.9479293398169837], [8.794710248975376, 1.8542835490238072], [8.674308439130881, 1.7873937772819506], [8.607418667389023, 1.6803700689252619], [8.487017041468823, 1.61348011325911], [8.286347358394663, 1.5733461766442776], [8.12581179585963, 1.5465903415172533], [7.9652762333245954, 1.5465903415172533], [7.804740486865268, 1.5599682590807655], [7.657582841893747, 1.6001021956955979], [7.523803298410033, 1.61348011325911], [7.363267551950705, 1.6402361323104298], [7.175975970364352, 1.6803700689252619], [6.975306471214487, 1.7071259040522864], [6.761259054501109, 1.7338819231036064], [6.533833536299925, 1.7338819231036064], [6.359919872277084, 1.7205038216157984], [6.172628290690731, 1.6669919674374543], [6.012092728155698, 1.61348011325911], [5.824801146569345, 1.5599682590807655], [5.704399520649144, 1.5733461766442776], [5.557241875677623, 1.6402361323104298], [5.396706129218295, 1.7472598406671185], [5.329816357476439, 1.8007716948454628], [5.249548484246773, 1.8542835490238072], [5.142524775890085, 1.9211735046899594], [4.995367130918564, 1.9880632764318158], [4.888343422561876, 2.028197213046648], [4.794697631768699, 2.0817090672249923], [4.714429758539035, 2.1218430038398246], [4.620783967745859, 2.202110693145193], [4.527138176952682, 2.3091345854261776], [4.460248405210826, 2.3626464396045215], [4.379980531981161, 2.4429141289098903], [4.272956823624472, 2.5098040845760425], [4.179311032831296, 2.576693856317899], [4.112421077165144, 2.6302057104962433], [4.045531305423288, 2.697095666162395], [3.978641533681431, 2.8174972920825962], [3.898373660451767, 2.9245210004392845], [3.8448618062734226, 3.0181667912324612], [3.791349952095078, 3.1251906835134453], [3.751216015480246, 3.258970226997159], [3.697704161301902, 3.352616017790335], [3.6040583705087252, 3.6067975550428404], [3.5104125797155485, 3.767333117577873], [3.4569007255372046, 3.9144907625493937], [3.2696091439508517, 4.034892572393891], [3.0823175623644983, 4.115160261699259], [2.9619159364442975, 4.1686721158776034], [2.801380189984969, 4.248939989107268], [2.6809785640647683, 4.355963697463956], [2.560576754220272, 4.4763655073084525], [2.400041191685239, 4.6101452347164615], [2.26626146427723, 4.8108147338663265], [2.1458598383570293, 5.0114842330161915], [2.065591965127365, 5.185397897039032], [1.998702009461213, 5.386067396188897], [2.0388359460760452, 5.80078431205214], [2.092347800254389, 6.095099785919477], [2.1324817368692215, 6.22887932940319], [2.1592377559205413, 6.376036974374711], [2.3063954008920624, 6.6168404101394085], [2.413419109248751, 6.817510093213569], [2.5070649000419274, 7.018179592363434], [2.5873327732715916, 7.218849091513299], [2.694356481628281, 7.352628818921308], [2.9619159364442975, 7.499786463892828], [3.1996638378864777, 7.611764357075336], [3.427089356087663, 7.66527621125368], [3.6411369567253358, 7.692032230305001], [3.9755861832832093, 7.812434040149498], [4.390303099146451, 7.932835666069697], [4.6578625539624685, 7.97296960268453], [4.978933679032535, 8.053237475914194], [5.340138924641729, 8.146883082783075], [5.580942360406426, 8.200395120885716], [5.714722087814434, 8.200395120885716], [6.049171314372308, 8.294040911678891], [6.410376376057206, 8.307418829242405], [6.664557913309711, 8.307418829242405], [6.958873203252753, 8.267284892627572], [7.253188493195794, 8.294040911678891], [7.547503783138836, 8.334174664369428], [7.828441155518365, 8.454576474213924], [8.216402236254583, 8.588356201621933], [8.577607297939482, 8.574978100134125], [8.778276981013642, 8.534844347443588], [8.952190461112188, 8.441198556650411], [9.01908041677834, 8.200395120885716], [8.978946480163508, 8.026481456862873], [8.938812543548675, 7.892701729454866], [8.912056524497356, 7.705410147868513], [8.925434625985163, 7.598386439511824], [8.925434625985163, 7.451228794540303], [8.912056524497356, 7.317449067132294], [8.912056524497356, 7.223803276339118], [8.978946480163508, 7.09002354893111], [9.085970188520196, 6.929487986396076], [9.233127833491718, 6.822464278039388], [9.313395706721382, 6.768952423861044], [9.460553351692901, 6.849220113166412], [9.580954977613104, 6.996377942062228], [9.67460076840628, 7.130157485545942], [9.661222850842767, 7.357583003747127], [9.607710996664421, 7.625142458563144], [9.554199142486077, 7.865945894327841], [9.54082104099827, 8.013103539299362], [9.554199142486077, 8.160261184270883], [9.647844933279254, 8.360930683420747], [9.795002578250775, 8.454576474213924], [10.009049994964155, 8.48133230934095], [10.223097595601827, 8.441198556650411], [10.450522929878716, 8.360930683420747], [10.691326365643413, 8.267284892627572], [10.905373966281086, 8.173639101834395], [11.146177402045783, 8.12012724765605], [11.574272419396834, 8.106749330092539], [11.908721645954707, 8.133505165219564], [12.285739047179451, 8.125288531238695], [12.566676235634686, 8.098532512187376], [12.874369627065533, 8.045020658009031], [13.141928897957257, 7.991508803830688], [13.382732333721952, 7.937996949652343], [13.610157851923137, 7.844351158859167], [13.824205452560813, 7.737327450502478], [14.06500888832551, 7.6436816597093005], [14.33256815921723, 7.590169805530957], [14.626883449160273, 7.550035868916125], [14.89444290397629, 7.483146097174268], [15.108490320689667, 7.416256141508116], [15.349293756454365, 7.335988452202748], [15.576719274655549, 7.228964559921763], [15.764010856241901, 7.081806914950242], [15.87103456459859, 6.907893434851697], [15.937924520264744, 6.7339797708288565], [15.964680355391767, 6.586822125857335], [16.03157031105792, 6.279128918350782], [16.1252159179268, 6.078459235276621], [16.218861708719977, 5.944679691792908], [16.252431387225457, 5.801214878828099], [16.30598278512735, 5.627077746786125], [16.332738620254375, 5.533432139917244], [16.41300649348404, 5.359518475894404], [16.466518347662387, 5.212360830922884], [16.533408119404243, 5.011691331773019], [16.54678622089205, 4.824399750186665], [16.52003020184073, 4.677242105215144], [16.52003020184073, 4.516706358755815], [16.439762328611064, 4.302658942042438], [16.359494639305698, 4.128745278019598], [16.25247093094901, 4.008343652099397], [16.065179349362655, 3.8611860071278756], [15.918021704391133, 3.7942960514617234], [15.757485957931806, 3.714028362156355], [15.623706230523798, 3.673894425541523], [15.396280896246907, 3.633760488926691], [15.23574514978758, 3.5936265523118585], [15.075209587252546, 3.5534926156970266], [14.968185878895857, 3.4330909897768254], [14.887918005666194, 3.259177325753985], [14.807650132436528, 3.05850782660412], [14.70062642407984, 2.884594162581279], [14.606980633286664, 2.7106806824827334], [14.459822988315143, 2.5501449360234054], [14.339421362394942, 2.4163653925396926], [14.15212978080859, 2.309341500258708], [14.01835005340058, 2.2023177919020194], [13.857814490865547, 2.1220501025966505], [13.710656845894027, 2.0819161659818186], [13.563499200922505, 1.988270375188642], [13.402963454463178, 1.9347585210102978], [13.255805809491656, 1.8544906477806333], [13.14878210113497, 1.787600876038777], [13.041758392778279, 1.7207109203726247], [12.894600747806757, 1.6671990661942804], [12.680553147169086, 1.6404430471429605], [12.520017584634052, 1.6270651295794483], [12.346103920611212, 1.6136872120159362], [12.132056503897834, 1.6136872120159362], [11.93138700474797, 1.600309294452424], [11.784229359776448, 1.5869311929646164], [11.663827549931952, 1.5601753578375916], [11.476535968345598, 