{"name": "Manatee fiber stain", "scale": 0.0676871359785827, "slice_polygons": [[[[[55.657249535937, 23.350384625381484], [55.386582216585836, 24.007719447109817], [55.54124935291098, 24.93572226506066], [55.92791685528815, 25.863724406140147], [56.46925217086183, 27.1783940495968], [57.24258717561617, 28.415730463326568], [58.054589133669644, 30.039734379433508], [59.059925181347374, 31.045070427111245], [59.833260186101725, 31.97307256819073], [61.302596965883524, 32.669074343218185], [62.92660088199046, 33.171742028621374], [64.08660406599333, 33.40374307154477], [64.82127279431992, 32.90107470927021], [65.3239404797231, 32.12773970451587], [65.59460779907425, 31.354404699761528], [65.71060798210029, 30.581069018135825], [65.51727389247601, 29.730400783654588], [65.3239404797231, 28.454397416625696], [65.05327316037194, 27.719728688299117], [64.66660565799478, 26.63705941089449], [64.16393729572023, 25.74772422311413], [64.20260424901936, 25.361056043865595], [63.93193692966819, 24.819721405163286], [63.42926924426501, 24.510387809384362], [62.8879346055627, 24.239720490033207], [62.230599106963005, 23.96905317068205], [61.45726410220866, 23.582384991433518], [60.838596233779455, 23.041050352731204], [59.98792732242686, 22.49971571402889], [59.44659268372455, 22.229048394677733], [58.75059090869709, 21.803713939001437], [58.054589133669644, 21.649047479547654], [57.24258717561617, 21.68771375597542], [56.54658540058872, 21.919714798898813], [55.96658380858728, 22.074381258352595], [55.77325039583437, 22.422382484302], [55.50258307648322, 22.847716939978298], [55.657249535937, 23.350384625381484]]]], [[[[28.5019719970196, 20.613159489303268], [29.07906642653076, 20.151483133448707], [29.73310759222237, 19.38202321722914], [30.1563105799867, 18.420198491172517], [30.19478327120557, 17.766157325480904], [30.1563105799867, 16.958224718042466], [29.925472402059423, 15.765561814058564], [29.810053651531465, 14.996101897838994], [29.656161532913277, 14.534425541984437], [29.46379672307622, 14.072749863001238], [29.348377972548263, 13.534127447837585], [29.232958545148943, 12.880086959017333], [29.117539794620985, 12.302991852634817], [29.19448585393008, 11.802842805561392], [29.117539794620985, 11.187275007960007], [29.002120367221664, 10.687125960886583], [28.886701616693706, 10.14850422259429], [28.73280949807552, 9.686827866739732], [28.386552569620285, 8.994314009829255], [27.924876890637083, 8.532638330846057], [27.501673902872753, 7.9940159156824055], [27.039997547018192, 7.570812927918074], [26.886106105271367, 7.032191189625782], [26.462903117507036, 6.378150023934172], [26.116646189051796, 5.95494703616984], [25.53955108266928, 5.416325297877548], [25.039402035595852, 5.1854871199502695], [24.42383423799447, 4.877703559585257], [23.53895489437558, 4.72381144096707], [22.346291990391677, 4.72381144096707], [21.6537781334812, 4.762284132185937], [20.807372157952535, 4.762284132185937], [19.884020123114777, 4.877703559585257], [19.07608751567634, 5.07006836942231], [18.152735480838587, 5.339379238568455], [17.42174825583788, 5.685636167023693], [16.53686958909035, 6.262731273406212], [15.76740967287078, 6.878299071007596], [15.344206685106448, 7.4169214861712485], [15.113368507179167, 8.032489283772632], [14.844057638033023, 8.725003140683109], [14.805584946814157, 9.686827866739732], [14.921003697342117, 10.72559865210545], [15.30573399388758, 11.764370114342526], [15.65199092234282, 12.726194840399149], [16.036720542016926, 13.341762638000535], [16.57534228030922, 13.995803803692144], [17.152437386691734, 14.572898910074663], [17.575640374456068, 15.149993339585821], [17.84495124360221, 15.496250944912418], [17.921897302911304, 15.80403450527743], [17.11396469547287, 15.419304885603326], [16.459923529781257, 14.957628529748769], [15.805882364089648, 14.457479482675344], [15.344206685106448, 14.072749863001238], [14.88253100612325, 13.841911685073958], [14.11307041303232, 13.726492934545998], [13.34361049681275, 13.688019566455772], [12.574150580593178, 13.803438993855092], [11.843164032463834, 14.072749863001238], [11.22759623486245, 14.457479482675344], [10.535081701080612, 15.111520648366954], [9.957987271569454, 15.727088445968338], [9.457838224496028, 16.61196778958723], [9.111581296040791, 17.535319147553626], [8.957689177422603, 18.22783368133546], [8.957689177422603, 18.92034753824594], [9.034635236731699, 19.959118323611655], [9.419364856405801, 20.959416417758508], [9.919513903479228, 21.844295084506037], [10.727447187789025, 22.536808941416517], [11.689271913845648, 23.22932279832699], [12.612623948683403, 23.844891272799735], [13.8822329119764, 24.15267483316475], [14.805584946814157, 24.191148201254975], [15.5365714949435, 24.49893176161999], [14.88253100612325, 24.652823880238174], [14.11307041303232, 24.92213474938432], [13.22819174628479, 24.92213474938432], [12.574150580593178, 24.652823880238174], [11.766217973154742, 24.34504031987316], [11.035230748154037, 24.11420214194588], [10.496609009861745, 23.80641790470951], [9.957987271569454, 23.383214916945175], [9.303946105877843, 22.998485297271074], [8.765324367585551, 22.767647119343795], [8.2267019524219, 22.613755000725607], [7.765026273438702, 22.536808941416517], [7.110985107747091, 22.6907010600347], [6.418471250836613, 22.960011929180848], [5.995268263072282, 23.34474222572631], [5.7259573939261355, 23.80641790470951], [5.57206527530795, 24.460459070401118], [5.418173156689764, 25.34533773714865], [5.36060254005454, 26.25695417635044], [5.36060254005454, 27.141832843097973], [5.629913409200685, 27.757400640699355], [5.976170337655924, 28.48838786570006], [6.591738135257309, 29.02700960399235], [7.168833241639827, 29.411739900537818], [8.01523921716849, 29.79646952021192], [8.823172501478288, 29.91188827073988], [9.631105108916724, 30.065780389358064], [10.13125415599015, 30.258145876066482], [10.400565025136295, 30.719821555049677], [10.669875894282441, 31.60470022179721], [10.78529532168176, 32.37416013801678], [10.862241380990854, 32.60499831594406], [10.592929834973349, 33.14362005423635], [10.246672906518109, 33.91307997045592], [9.90041597806287, 34.64406719545662], [9.708051168225818, 35.3365810523671], [9.515686358388765, 36.29840645529509], [9.323321548551712, 37.02939300342443], [8.977063943225115, 37.721906860334904], [8.399969513713955, 38.452894085335615], [7.938293157859397, 39.14540794224609], [7.24577930094892, 39.99181391777475], [6.88160558760015, 41.38684240593655], [6.6892401008917375, 42.34866713199317], [6.458402599835818, 43.69522215459526], [6.3045104812176325, 44.88788505857916], [6.3045104812176325, 45.965129212035094], [6.458402599835818, 46.96542730618195], [6.804659528291057, 48.04267078276653], [6.88160558760015, 48.61976588914905], [7.535646076420401, 49.11991493622248], [8.728308980404304, 50.0817396622791], [9.536242264714101, 50.92814563780776], [10.305702180933672, 51.65913286280847], [11.344472966299387, 52.27470066040985], [12.344771060446238, 52.505538838337124], [13.268123095283995, 52.65943095695531], [13.99910964341334, 52.62095758886509], [14.730096868414043, 52.12080854179166], [15.576502843942706, 51.77455161333643], [16.230543332762956, 51.77455161333643], [16.961530557763663, 51.928443731954616], [17.461679604837087, 51.73607892211756], [17.75772756956613, 51.69878669455016], [18.45024142647661, 52.4297732426795], [19.527485579932552, 53.507017396135446], [20.604729056517133, 54.507315490282295], [21.643500518754212, 55.31524809772073], [23.067000923794033, 56.04623532272144], [24.6443941243234, 56.46943831048577], [25.990949146925487, 56.66180312032282], [27.606815038673723, 56.62333042910396], [28.722531883348534, 56.58485706101373], [29.87672141924221, 56.39249225117668], [30.992438263917016, 56.77722187085078], [32.031209726154096, 57.23889822670534], [32.603026589673, 57.38251205372518], [33.83416286174713, 57.42098542181541], [34.29583854073033, 57.03625512526993], [34.25736584951146, 56.53610607819652], 