{"name": "Manatee cell stain", "scale": 0.0647810920576243, "slice_polygons": [[[[[28.01499008557777, 18.847699199104884], [28.588164118750743, 18.274525165931912], [29.526085499510486, 17.649244461362393], [30.20347352328748, 16.607109089998627], [30.464006880270233, 15.564974366445782], [30.51611355166678, 14.053878952513065], [30.35979353747713, 13.115957571753322], [30.047152861286907, 12.230142862390128], [29.99504618989036, 11.448542143630954], [30.12776969129802, 10.720589886259303], [30.0582945613099, 9.991095838896682], [29.91934300571182, 9.470028477120259], [29.849867227912778, 8.810009559745756], [29.74565388511968, 8.254203985164354], [29.502488986728498, 7.663661493399812], [29.25932408833732, 7.14259348381247], [29.016159189946137, 6.691001899835087], [28.807732504359937, 6.204672750863646], [28.668780948761853, 5.544653833489144], [28.39087848537661, 4.884634916114641], [28.18245179979041, 4.467780897131319], [27.73085956800211, 3.981451100348957], [27.140316428426647, 3.6340728591646756], [26.515035723857125, 3.321432830785375], [25.438162787499298, 3.0782679323941937], [24.534979619544536, 2.9740545896010935], [23.666534016583835, 2.800365469008953], [22.937039321410293, 2.800365469008953], [22.033856153455528, 2.835103034003013], [21.061196559890806, 3.0435303674001335], [20.43591585532128, 3.286694617980394], [19.56747025236058, 3.6340728591646756], [18.837975557187036, 3.911975970360837], [18.24743241761157, 4.294091776539179], [17.72636505583515, 5.023586471712722], [17.37898681465087, 5.718342954081284], [17.17056012906467, 6.656264334841029], [17.101084351265627, 7.489972372807672], [17.24003590686371, 8.323679762963394], [17.51793837024895, 9.087912023130997], [18.03900573202537, 9.921620061097641], [18.629548871600836, 10.824803876863324], [19.046402890584154, 11.380608803633807], [19.185353798371317, 11.832200387611188], [19.324305353969397, 12.11010349880735], [18.907451334986078, 11.762725257623067], [18.455859751008695, 11.276395460840707], [17.83057839862825, 10.651114756271184], [17.101084351265627, 10.060571616695722], [16.371589656092084, 9.504766042114321], [15.537882265936362, 9.053174458136937], [14.738911792963778, 8.879485337544796], [14.009417745601157, 8.844747124739817], [13.210447272628572, 9.087912023130997], [12.55042900306499, 9.331076921522179], [12.029361641288567, 9.78266850549956], [11.404080288908125, 10.407949857880002], [10.535634685947421, 11.345871238639747], [9.979829759176939, 12.21431684160045], [9.632451517992658, 13.082762444561153], [9.424024184595538, 14.263848723712078], [9.458762397400518, 15.722837466248244], [9.632451517992658, 16.73023462480703], [10.118780666964101, 17.737631135554892], [10.570372898752401, 18.397650052929396], [11.265129381120966, 19.022930757498916], [11.959885863489529, 19.543998767086258], [12.654642345858091, 19.85663879546556], [13.331573015125157, 20.01210175580729], [14.09580527529276, 20.22052908920441], [15.033726656052504, 20.42895577479061], [14.2694943958849, 20.533169765394632], [13.678951256309439, 20.637383108187734], [13.331573015125157, 20.81107222877987], [13.157883894533017, 21.12371225715917], [13.018932338934935, 21.471091146154375], [12.706291662744713, 21.853206952332716], [12.532602542152574, 22.096371850723898], [12.602078319951612, 22.54796343470128], [12.532602542152574, 22.9648174536846], [12.046273393181131, 23.451147250466963], [11.316778698007589, 24.145903732835524], [10.795711336231166, 24.423806196220767], [10.517808872845926, 24.771184437405047], [10.483070660040946, 25.15330089139431], [10.552546437839984, 25.674368253170734], [10.309381539448804, 26.264911392746193], [9.857789955471423, 27.063881217907856], [9.30198502870094, 27.58494857968428], [8.885131009717618, 28.0018025986676], [8.572490333527398, 28.522869960444023], [8.190374527349057, 29.182888877818524], [7.877733851158835, 29.842907147382107], [7.634568952767654, 30.363975156969452], [7.495618044980493, 30.88504251874587], [7.148239155985292, 31.09346920433207], [6.69664757200791, 31.614536566108494], [6.175580210231488, 32.03139058509181], [5.63891485710943, 32.57119782117867], [5.048372365344889, 33.33543008134627], [4.596780133556587, 34.03018721152575], [4.110450984585145, 34.86389460168148], [3.797810308394924, 35.732340204642185], [3.4504320672106426, 36.704999798206906], [3.137791391020421, 37.39975628057547], [3.0335780482273207, 38.025036985144986], [3.0335780482273207, 38.82400745811757], [3.068315613221381, 39.692453061078275], [3.2767429466185023, 40.734587784631124], [3.4851696322047028, 41.49882004479873], [3.867286086193965, 42.22831409216135], [4.353615235165406, 42.679906323949645], [4.805207466953708, 43.23571125072013], [5.604177292115372, 43.96520594589368], [6.1947204316908335, 44.451535094865115], [6.576836237869175, 44.86838911384844], [6.993690256852497, 45.04207823444058], [7.653709174227, 45.424194688429836], [8.209514100997481, 45.52840803122294], [8.695843897779843, 45.806310494608184], [9.182173694562206, 46.153688735792464], [9.772716834137668, 46.29264029139054], [10.36325997371313, 46.25790272639649], [11.718035373456196, 46.223164513591506], [12.44752942081882, 46.153688735792464], [13.07281012538834, 45.771572929614116], [13.454926579377602, 45.2505055678377], [13.628615699969743, 44.65996242826223], [13.802304820561885, 43.99994351088773], [14.358109747332367, 44.416797529871054], [14.913915321913768, 45.21576735503272], [15.22301312017936, 46.113180471117914], [15.848294472559802, 47.3290043152629], [16.612526732727407, 48.753255492805], [17.168331659497884, 49.031157956190235], [18.036777262458592, 49.79539021635784], [19.322076884402613, 50.73331159711759], [21.163182080928042, 51.42806807948615], [22.83059750905041, 51.844922098469475], [24.324324464391555, 51.91439787626851], [25.9222647625258, 52.22703855245874], [27.630484504913426, 52.5560332153389], [28.952054412489595, 52.90265481336795], [30.81321324387238, 53.130221720413495], [32.06377530082234, 53.19969749821254], [33.10591002437519, 53.19969749821254], [34.35647208132515, 53.37338661880468], [35.537558360476076, 53.65128908218992], [36.33652818563774, 53.40812418379874], [36.99654710301224, 53.02600837762039], [37.93446848377199, 52.60915435863708], [38.35132185494439, 52.40072767305087], [39.11555411511199, 51.844922098469475], [39.914524588084575, 51.74070875567637], [40.92192174664336, 51.70597054287139], [42.45038561916765, 51.42806807948615], [43.87463679670975, 51.01121406050282], [45.3683637520509, 50.17750667034711], [46.47997425340279, 49.448011975173564], [47.59158475475466, 48.61430393720692], [48.52950613551441, 47.9890232326374], [49.36321352567013, 47.2247909724698], [50.16218399864271, 46.703723610693366], [51.37092273474936, 46.187112540239596], [52.204630772716, 46.187112540239596], [53.00360059787767, 46.430277438630775], [53.83730863584431, 46.36080166083173], [54.63627910881689, 46.048161632452434], [55.15734647059331, 45.66604517846317], [55.57420048957664, 45.28392937228483], [55.99105386074904, 44.93655113110055], [56.61633521312948, 44.728123797703425], [57.4500426032852, 44.380745556519145], [58.1100615206597, 43.96389153753582], [58.66586709524111, 43.47756174075346], [59.04798290141945, 42.782805258384904], [59.74273938378801, 42.053311211022276], [60.090117624972294, 41.18486560806157], [60.26380674556443, 40.42063334789397], [60.4228125838308, 39.67462724797678], [60.35333680603175, 38.91039498780918], [60.14491012044555, 38.11142451483659], [59.86700700924939, 37.38193046747397], [59.658580323663195, 36.72191155009947], [59.276463869673925, 35.92294172493781], [58.859610498501524, 35.22818524256924], [58.54696982231131, 34.63764210299378], [58.13011580332798, 33.97762318561928], [57.643786006545625, 33.5260316016419], [57.12271864476919, 32.93548846206643], [56.67112706079182, 32.483896230278134], [56.28901125461348, 31.858615525708608], [55.69846811503801, 31.268072386133145], [55.10792497546255, 30.573315903764584], [54.69107095647924, 