{"name": "Mountain beaver", "scale": 0.0200216658450442, "slice_polygons": [[[[[9.76675820438813, 4.870367522103018], [9.927677338201214, 4.834607825820476], [9.990256856749825, 4.745208284789135], [10.017076679015895, 4.620049047475253], [10.017076679015895, 4.423370017162972], [10.017076679015895, 4.217751313050878], [9.990256856749825, 4.030012356971725], [9.981316982733354, 3.824393452642974], [9.972376908500225, 3.62771462254735], [9.963437034483754, 3.404215970185657], [9.963437034483754, 3.252236910605704], [9.945557086234155, 3.100257650809093], [9.900857315718484, 2.9393387172126695], [9.7935780266542, 2.7605396351499882], [9.66841878934032, 2.5996205013369065], [9.525379603776837, 2.438701567740483], [9.355520595947285, 2.304602256193472], [9.167781639868133, 2.215202715162131], [8.92640303925684, 2.1526231966135194], [8.738664083177687, 2.1258033743474485], [8.533045178848935, 2.107923426097849], [8.416826015768182, 2.107923426097849], [8.264846755971572, 2.1168633001143196], [8.005588207110677, 2.1258033743474485], [7.880428969796796, 2.14368312238039], [7.710569961967243, 2.170503144863119], [7.4870713096055495, 2.2062628411456604], [7.183112990228985, 2.2956623821770012], [6.852334848586351, 2.367181974958742], [6.441097240145506, 2.474461264023024], [6.119259172736, 2.563860805054365], [5.824240727375908, 2.671140094118647], [5.520282608216002, 2.796299531649188], [5.2252641628559084, 2.90357882071347], [4.983885562244616, 3.046618006276952], [4.796146806382122, 3.136017547308293], [4.586042047820787, 3.218267551683027], [4.380423343708694, 3.3076670927143677], [4.1032848465982, 3.45070627827785], [3.835086423720836, 3.6295051601238724], [3.6384075936252134, 3.7904242939369546], [3.504308282078202, 3.942403353516907], [3.3433891482651203, 4.08544253908039], [3.093070673637356, 4.344701087941282], [2.9410916140574037, 4.559259866286506], [2.726532835712181, 4.773818644631728], [2.5298540056165573, 5.015197245243022], [2.395754694069546, 5.202936201322174], [2.2080157379903937, 5.489014572449139], [2.082856500676512, 5.7750929435761025], [1.9845170856287004, 6.052231240469937], [1.92193736686343, 6.248910070565559], [1.8861776705808888, 6.543928515925653], [1.859357848314818, 6.803186864569887], [1.832537825832089, 7.1402349910885565], [1.796778129549548, 7.479953006747661], [1.8057180035660185, 7.757091503858154], [1.796778129549548, 7.935890385704178], [1.7699583072834775, 8.275608601579941], [1.7610184332670067, 8.472287431675564], [1.7163186627513365, 8.722605906303327], [1.7252585367678068, 8.93716468464855], [1.832537825832089, 9.178543285259844], [1.9398173151130298, 9.410982011854667], [2.064976552426912, 9.545081323401678], [2.1633159674747233, 9.65236061246596], [2.199075863973923, 9.822219620295513], [2.2080157379903937, 9.974198679875466], [2.190135789740794, 10.126177939672077], [2.279535330772135, 10.3049768215181], [2.465923825490039, 10.51233000254235], [2.680940899766455, 10.692089924348934], [2.9223195003777485, 10.835129109912417], [3.172638175222171, 10.879828880428088], [3.387196953567394, 10.897708828677686], [3.548115887163817, 10.996048243725498], [3.905713851072522, 11.085447584540182], [4.272251889214356, 11.10332753278978], [4.54045031209172, 11.049687888257639], [4.701369245688143, 10.98710816949237], [4.871228453734354, 10.844068983928887], [5.050027335580378, 10.763609517130677], [5.246706165676001, 10.718909746615006], [5.461264944021224, 10.674209976099336], [5.675823722366446, 10.638450279816794], [5.854622804429129, 10.557990813018582], [5.9887219157594815, 10.48647122023684], [6.149641049572563, 10.44177144972117], [6.319500057402116, 10.3791917309559], [6.435719420699527, 10.325552086423759], [6.67709802131082, 10.35237190868983], [6.954236318204655, 10.361311782706302], [7.141975274283807, 10.33449196044023], [7.4030433813037755, 10.307665731241089], [7.60866208541587, 10.307665731241089], [7.903680530775962, 10.289785983208148], [8.198698775919397, 10.307665731241089], [8.350677835499349, 10.334485753723818], [8.600996510343771, 10.36130557598989], [8.824495162705466, 10.41494522052203], [9.056933889300288, 10.41494522052203], [9.369832082693323, 10.37024545000636], [9.575450786805417, 10.35236550175676], [9.763189742884569, 10.31660580547422], [10.01350841772899, 10.343425627740288], [10.254887018340284, 10.39706527227243], [10.53202531523412, 10.432825168771629], [10.755524167812471, 10.39706527227243], [11.17570165026979, 10.343425627740288], [11.542239488194964, 10.298725857224618], [12.203795771480234, 10.289785983208148], [12.874291928781972, 10.298725857224618], [13.231889892690676, 10.298725857224618], [13.48220836731844, 10.271906034958548], [13.616307678865452, 10.298725857224618], [13.929205872258487, 10.39706527227243], [14.268923887917593, 10.513284635569843], [14.57586263247185, 10.656959709240562], [14.71147357979016, 10.68404201554586], [14.818752868854443, 10.76450168256073], [15.051191595449266, 10.943300564406755], [15.274690247810959, 11.122099646469435], [15.462429203890112, 11.175739291001577], [15.694867930484936, 11.175739291001577], [15.95412627912917, 11.139979394502376], [16.195505079957123, 11.086339749970236], [16.544162969632698, 11.005880283172026], [16.87494111127533, 10.916480742140683], [17.098439763637025, 10.773441556577202], [17.25935889745011, 10.61252242276412], [17.375578260747517, 10.460543363184167], [17.47391767579533, 10.254924458855415], [17.50967737207787, 10.076125577009392], [17.491797624044928, 9.888386620930241], [17.5007374980614, 9.745347435366758], [17.47391767579533, 9.638068146302476], [17.50967737207787, 9.566548553520734], [17.634836809608412, 9.414569293724124], [17.777875995171893, 9.2536503601277], [17.90036514312868, 8.999744403413821], [17.98976468416002, 8.758365802802528], [18.052344402925293, 8.552746898473776], [18.070224150958232, 8.347128194361682], [18.070224150958232, 8.159389238282529], [18.061284276941763, 7.9984701044694475], [18.061284276941763, 7.828611096639895], [18.061284276941763, 7.587232496028602], [18.052344402925293, 7.399493539949449], [18.061284276941763, 7.2028147098538255], [18.02552458065922, 6.970375983259004], [18.016584506426092, 6.782637027179851], [18.034464454675692, 6.63959784161637], [17.97188473591042, 6.433979137504275], [17.94506491364435, 6.237300307408652], [17.89142526911221, 6.0138014548303005], [17.80202572808087, 5.808182750718206], [17.730506135299127, 5.6115039206225825], [17.65762426837329, 5.423836441890498], [17.585670205442714, 5.297694541216941], [17.47839071616177, 5.118895659370918], [17.32641165658182, 4.913276755042165], [17.210192293284408, 4.698717976696943], [17.040333285454857, 4.51097902061779], [16.843654455359232, 4.305360316505697], [16.646975625263607, 4.117621360426544], [16.477116617434056, 3.9298824043473917], [16.289377661354905, 3.72426350001864], [16.137398401558293, 3.5812243144551577], [15.904959875180127, 3.4024254326091348], [15.735100867350576, 3.2772661952952524], [15.565429462529991, 3.1529206384813127], [15.32385685197666, 3.0448210617673594], [14.966258888067955, 2.8928420021874066], [14.599721050142778, 2.740862942607454], [14.313642679015816, 2.633583453326513], [14.000744485622782, 2.5352440382787016], [13.714666114495817, 2.47266451973009], [13.428587743368853, 2.43690462323089], [13.272122829556318, 2.4154500067613163], [13.066503925227565, 2.388630184495246], [12.843005272865872, 2.3439304139795754], [12.547987027722437, 2.2813508954309634], [12.226148760096274, 2.2098313026492225], [11.94007038896931, 2.165131532133552], [11.734451684857216, 2.147251583883952], [11.493073084245921, 2.1383117098674815], [11.26957423166757, 2.1204317616178816], [11.108655298071147, 2.1383117098674815], [10.947736164258066, 2.1740714061500226], [10.822576926944183, 2.2098313026492225], [10.688477615397172, 2.2634709471813634], [10.536498555817218, 2.361810362229175], [10.420279192519809, 2.4422698290273868], [10.295119955205926, 2.567429066341269], [10.187840465924985, 