{"name": "North American Porcupine Fiber stain", "scale": 0.0283380300784385, "slice_polygons": [[[[[13.200058160972931, 5.017396149904551], [13.515833080841483, 5.157740527248319], [13.743893012827945, 5.14019758634796], [13.91932355535273, 4.947223819542517], [14.007038826615121, 4.701620946655698], [13.989495885714764, 4.473561298049538], [13.90178061445237, 4.315673696425112], [13.866694449271355, 4.245501366063078], [13.90178061445237, 4.034984658357276], [13.954409720533745, 3.859554115832491], [14.007038826615121, 3.6314944672263305], [14.059667932696495, 3.438520700420887], [14.094754097877514, 3.17537488663371], [14.147383487339189, 2.9473149546472497], [14.147383487339189, 2.7017120817604305], [14.129840263058531, 2.4210233270728954], [14.164926428239548, 2.140334289005059], [14.112297322158174, 1.9473605221996158], [14.059667932696495, 1.754387038774473], [13.91932355535273, 1.5789564962496883], [13.761435953728302, 1.3508965642632276], [13.656177741565552, 1.21055218691946], [13.498290139941124, 1.0702075261953916], [13.322859597416342, 0.8947769836706069], [13.112342889710538, 0.8070617124082144], [12.919369122905096, 0.7544326063268392], [12.726395639479954, 0.7018035002454639], [12.480792766593135, 0.684260275964805], [12.270276058887331, 0.684260275964805], [12.077302292081887, 0.7018035002454639], [11.814156478294711, 0.7368893820461803], [11.60363977058891, 0.8246049366888734], [11.445752168964484, 0.8596908184895897], [11.287864567340055, 0.8421478775892315], [11.094891083914915, 0.8596908184895897], [10.868520381901428, 0.8686736906441539], [10.552745178652575, 0.9213027967255293], [10.27205642396504, 1.0265610088882797], [10.079082657159596, 1.0791903983499558], [9.868565949453794, 1.1142765635309728], [9.640506017467333, 1.1844486105127061], [9.46507547494255, 1.2546209408747404], [9.307188156698423, 1.430051483399525], [9.272101991517406, 1.7633696275487365], [9.219472602055731, 1.5177667546619173], [9.131757330793338, 1.394965318218508], [8.973870012549211, 1.2897071060557574], [8.780896245743769, 1.2370777165940816], [8.570379538037967, 1.2370777165940816], [8.254604334789112, 1.2546209408747404], [7.9563723558209185, 1.3072500469561157], [7.6581403768527245, 1.37742237731815], [7.324822232703514, 1.4826805894809003], [7.1318487492783715, 1.5528529198429346], [6.973961147653944, 1.6756543562863442], [6.763444439948143, 1.7458266866483783], [6.552927732242341, 1.8159987336301116], [6.3248678002558805, 1.8510848988111286], [6.096808151649721, 1.8861710639921456], [5.886291443943918, 1.9212572291731627], [5.693317677138475, 1.9388001700735211], [5.4301718633512985, 1.9388001700735211], [5.167026049564121, 1.9738863352545382], [4.93896611757766, 2.0616016065169305], [4.588105032528091, 2.201946267240999], [4.36004510054163, 2.342290644584766], [4.0793563458540945, 2.4826350219285342], [3.746038201704884, 2.693151729634336], [3.5530644348994396, 2.8510393312587623], [3.342547727193638, 3.026469873783547], [3.1671171846688533, 3.1492713102269567], [2.939057252682393, 3.3422450770324006], [2.7109976040762325, 3.5527617847382023], [2.588196167632823, 3.728192327262987], [2.360136519026663, 3.973795200149806], [2.184705693121578, 4.166768683574949], [1.9626154505514408, 4.586113152393877], [1.7696416837459972, 4.919431296543088], [1.6819264124836046, 5.182577110330266], [1.5064958699588202, 5.533438478760136], [1.3836944335154107, 5.83167045772833], [1.2784359379723593, 6.129902436696524], [1.190720666709967, 6.428134415664718], [1.15563450152895, 6.796538724994946], [1.208263890990626, 7.077227479682482], [1.2959791622530183, 7.357916517750317], [1.5064958699588202, 7.603519390637136], [1.717012577664622, 7.691234661899529], [1.997701332352157, 7.673691720999171], [2.2082183234382597, 7.638605555818153], [2.4713641372254367, 7.691234661899529], [2.032787497533174, 7.726320827080547], [1.8398140141080315, 7.726320827080547], [1.6292973064022296, 7.761406992261564], [1.471409704777803, 7.814036098342939], [1.3310653274340354, 7.971923699967365], [1.190720666709967, 8.199983348573525], [1.0503762893661994, 8.550844717003395], [0.9802039590041652, 8.989421073315356], [0.92757485292279, 9.427997713007619], [0.9802039590041652, 9.866574069319581], [0.9977471832848243, 10.182349272568434], [1.0679192302665577, 10.533210357618005], [1.225806831890984, 11.024416103391642], [1.3310653274340354, 11.357734247540854], [1.5494959967998427, 11.67402066885232], [1.5856507890951177, 12.00857378435235], [1.7084522255385273, 12.289262822420188], [1.7961674968009196, 12.447150424044613], [1.9014257089636701, 12.692753296931432], [2.0593133105880965, 12.955899110718608], [2.2698300182938986, 13.131329653243395], [2.5505190563617344, 13.341846360949196], [2.796121929248553, 13.464647797392605], [3.0241815778547134, 13.429561632211588], [2.83120781104927, 13.552363068654998], [2.796121929248553, 13.797965941541817], [2.725949598886519, 14.11374114479067], [2.690863433705502, 14.429516064659222], [2.690863433705502, 14.640032772365023], [2.725949598886519, 14.990894140794895], [2.8838372005109454, 15.35929816674482], [3.217155344660157, 15.745245700355706], [3.6031025948907436, 16.07856384450492], [4.006593069401989, 16.42942492955449], [4.44516942571395, 16.65748457816065], [5.024090442749981, 16.868001285866452], [5.638097341586727, 16.973259781409503], [6.111760146460007, 16.95571655712884], [6.550336502771969, 16.797829238884717], [6.813482599939447, 16.727656908522682], [7.111714578907641, 16.74519984942304], [7.497661829138227, 16.67502780244131], [7.848522914187797, 16.499597259916523], [8.16429811743665, 16.376795823473113], [8.51515920248622, 16.148735891486652], [8.72567591019202, 16.06102062022426], [8.97127878307884, 15.868046853418816], [9.164252549884283, 15.657530145713014], [9.339683092409068, 15.447013438007213], [9.497570694033495, 15.306669060663447], [9.53265685921451, 15.13123851813866], [9.725630342639654, 15.113695293858003], [9.90106088516444, 14.955807975613876], [10.00631938070749, 14.762834208808432], [10.023862321607849, 14.569860442002987], [9.953690274626116, 14.429516064659222], [9.760716507820671, 14.289171687315454], [9.585285965295887, 14.20145641605306], [9.392312198490442, 14.09619792051001], [9.18179549078464, 13.955853543166242], [9.006364948259858, 13.815508882442174], [8.813391181454413, 13.692707729379066], [8.62041769802927, 13.587449233836015], [8.40990099032347, 13.499733962573622], [8.216927223518026, 13.447104856492246], [7.988867574911865, 13.412018691311228], [7.883609079368814, 13.306760195768177], [7.600808858060134, 13.118066888406084], [7.40783509125469, 13.012808392863032], [7.1797754426485305, 12.907550180700282], [7.004344616743444, 12.819834909437889], [6.951715510662069, 12.609318201732087], [6.846457298499319, 12.416344434926645], [6.741198802956268, 12.328629163664251], [6.478052989169091, 12.2233706681212], [6.092105738938504, 12.135655396858807], [6.495595930069449, 12.10056923167779], [6.864000239399678, 12.240913892401858], [7.162232218367872, 12.486516765288677], [7.583265633779474, 12.661947307813463], [8.039385214372096, 12.960179286781656], [8.81127999821357, 13.275954490030509], [9.197227248444156, 13.521557079537027], [9.670889769937135, 13.732073787242829], [10.179638456611132, 14.030306049591324], [10.565585706841718, 14.205736592116109], [10.846274744909552, 14.223279533016466], [11.197136113339424, 14.170650426935092], [11.407652821045225, 14.205736592116109], [11.969030613800596, 14.503968571084304], [12.407606970112559, 14.802200550052497], [12.811097444623803, 14.942544927396264], [13.197044694854391, 15.082889588120333], [13.600535169365635, 15.047803422939317], [13.88122420743347, 14.88991582131489], [13.951396254415204, 14.696942054509446], [13.951396254415204, 14.363624193740534], [13.951396254415204, 13.995219884410307], [13.951396254415204, 13.644358515980436], [13.89876714833383, 13.398755643093617], [13.811051877071439, 13.082980723225065], [13.723336605809045, 