{"name": "North American Porcupine Cell stain", "scale": 0.0276402506395815, "slice_polygons": [[[[[13.259030443027335, 5.096686978749789], [13.429564985020919, 5.054053274150766], [13.543254863951645, 4.911941201889864], [13.628522273149692, 4.798251322959136], [13.628522273149692, 4.59929431123287], [13.571677333684327, 4.400337023104099], [13.500621159352624, 4.215591246244173], [13.472198689619942, 4.144535071912469], [13.529043629085306, 3.9597892950525444], [13.60009980341701, 3.7892544766564544], [13.628522273149692, 3.5618749951975066], [13.699578171078889, 3.3771292183375814], [13.742211875677912, 3.07869356254693], [13.784845580276935, 2.9081587441508394], [13.813268050009617, 2.6097230883601874], [13.784845580276935, 2.297076197703195], [13.671155977748713, 1.8991618978481566], [13.571677333684327, 1.586515007191164], [13.415353750154578, 1.4444029349302618], [13.259030443027335, 1.3307130559995348], [13.159551798962948, 1.1743894724697852], [12.974806022103024, 1.0038549304762012], [12.775848733974252, 0.8759538166791334], [12.534258017648964, 0.8048979187499354], [12.278456066457336, 0.8048979187499354], [11.980020410666683, 0.8048979187499354], [11.738429694341395, 0.8048979187499354], [11.553683641078964, 0.8333203884826171], [11.383149099085378, 0.8759538166791334], [11.255247985288312, 0.9612212258771785], [11.113135913027408, 0.9754324607435194], [10.914178624898637, 1.0038549304762012], [10.70101037830603, 1.018066165342542], [10.487842131713423, 1.032277400208883], [10.317307313317333, 1.0606998699415648], [10.189406199520265, 1.117544809406928], [10.033082892393022, 1.1459672791396098], [9.663591062270667, 1.2170231770688078], [9.45042281567806, 1.2738681165341712], [9.32252170188099, 1.3591355257322166], [9.19462086448643, 1.4301917000639208], [9.095142220422044, 1.5296700677258006], [9.052508515823021, 1.586515007191164], [9.052508515823021, 1.7428385907209136], [9.009874811223998, 1.8991618978481566], [8.995663576357659, 1.7570498255872544], [8.967241106624977, 1.6149374769238458], [8.881973973829437, 1.487036363126778], [8.683016685700665, 1.4301917000639208], [8.49827090884074, 1.3591355257322166], [8.199835253050088, 1.3449242908658756], [7.887188362393094, 1.3733467605985574], [7.6171748999326185, 1.4444029349302618], [7.205049641613746, 1.572303772324823], [7.062937292950338, 1.6433599466565276], [6.906613985823094, 1.7712610604535952], [6.736079167427004, 1.8423169583827932], [6.508699685968057, 1.8991618978481566], [6.266654287519747, 1.9619052668000068], [5.924808236087101, 2.032945133383834], [5.669006284895471, 2.0613676031165156], [5.441626803436523, 2.089790072849197], [5.143191147645872, 2.1182122661793725], [4.944234135919606, 2.175057205644736], [4.7026431431918105, 2.2887470845754634], [4.389996252534819, 2.445070391702706], [4.091560596744166, 2.615605210098797], [3.87839235015156, 2.757717282359699], [3.736280001488151, 2.885618396156767], [3.551534224628226, 2.9993082750874938], [3.4236331108311586, 3.0845754078830327], [3.295732273436597, 3.1982652868137595], [3.1536199247731886, 3.3261664006108274], [2.9688741479132634, 3.4967009426044116], [2.826761799249855, 3.63881329126782], [2.6846497269889524, 3.823559068127745], [2.4572699691274984, 4.079361019319375], [2.300946662000255, 4.320952012047169], [2.144623078470506, 4.619387667837821], [2.016722241075944, 4.917823323628473], [1.9030323621452176, 5.187836509686443], [1.8035537180808314, 5.472060930610754], [1.6898641155526106, 5.713651646936042], [1.5903854714882246, 5.94103112839499], [1.5193292971565204, 6.182622121122785], [1.448273122824816, 6.424212837448073], [1.448273122824816, 6.793704667570429], [1.4994791747571983, 7.069113506955753], [1.556324114222562, 7.353337927880063], [1.655802758286948, 7.538083981142494], [1.826337300280532, 7.637562625206881], [2.0537167817394795, 7.665984818537055], [2.4658423164608587, 7.623351390340539], [2.195829130402888, 7.680196053403397], [1.9542384140776, 7.694407288269737], [1.8121260654141913, 7.737040992868761], [1.670013993153289, 7.822308402066806], [1.556324114222562, 7.9502095158638735], [1.4142117655591533, 8.220222701921843], [1.3431558676299553, 8.532869592578836], [1.2863109281645917, 8.902361422701192], [1.2863109281645917, 9.271852976421043], [1.3147333978972735, 9.68397851114242], [1.3715783373626371, 10.053470341264777], [1.442634235291835, 10.36611723192177], [1.556324114222562, 10.707186592311444], [1.6984364628859707, 11.048255952701119], [1.8405485351468727, 11.304057903892748], [1.911604709478577, 11.574071089950719], [2.0395055468731385, 11.87250674574137], [2.1674066606702063, 12.057252799003802], [2.238462835001911, 12.14251993179934], [2.337941479066297, 12.341477219928112], [2.49426478619354, 12.526222996788038], [2.679010563053465, 12.668335345451446], [2.9490240255139417, 12.881503592044053], [3.147981037240207, 12.966771001242098], [3.180324829331126, 13.142458238759913], [3.151902359598445, 13.384048955085202], [3.1092686549994224, 13.710907080608536], [3.0950574201330814, 14.023553971265528], [3.151902359598445, 14.32198962705618], [3.251381003662831, 14.634636517713172], [3.407704310790074, 14.90464970377114], [3.77719614091243, 15.259930299027157], [4.0472093269704, 15.501521291754951], [4.487757331424461, 15.799956947545603], [4.885671631279499, 16.04154766387089], [5.354641829063734, 16.141026307935277], [5.809401068384137, 16.212082205864476], [6.264160307704538, 16.183659736131794], [6.633651861424387, 16.155237266399112], [6.846820384419501, 16.084181368469917], [6.94629875208138, 16.027336429004553], [7.003143691546744, 15.771534477812923], [7.017354926413085, 16.027336429004553], [7.2305234494081985, 16.04154766387089], [7.500536635466167, 15.998913959271869], [7.841605995855843, 15.899435315207485], [8.154252886512834, 15.771534477812923], [8.452688542303488, 15.544154719951468], [8.651645554029752, 15.45888758715593], [8.836391607292184, 15.33098647335886], [9.04955985388479, 15.188874124695452], [9.220094395878375, 15.004128347835527], [9.376417979408124, 14.847805040708286], [9.546952521401707, 14.677270222312195], [9.646431165466094, 14.563580343381469], [9.703276104931458, 14.449890740853247], [9.816965707459678, 14.393045801387883], [9.97328929098943, 14.279355922457157], [10.101190404786495, 14.094610145597231], [10.138929850204768, 13.920397239048532], [10.082084910739404, 13.735651462188606], [9.954184073344843, 13.607750348391539], [9.769438020082411, 13.508271704327152], [9.570481008356145, 13.451426764861791], [9.428368659692737, 13.366159632066251], [9.243622882832812, 13.252469753135523], [9.05887682957038, 13.138779874204797], [8.902553522443137, 13.053512741409259], [8.746229938913388, 12.954034097344872], [8.604117866652485, 12.897189157879508], [8.348315915460857, 12.62717597182154], [8.561484162053462, 12.698232146153243], [8.888342287576798, 12.840344218414145], [9.22941164796647, 12.982456567077554], [9.698381845750706, 13.238258518269184], [10.138929850204768, 13.451426764861791], [10.565266619792487, 13.579327878658859], [10.96318064324502, 13.579327878658859], [11.204771635972813, 13.565116643792516], [11.602685659425346, 13.764073655518782], [12.014811194146723, 13.963030943647555], [12.54062660779883, 14.233044129705524], [12.910118161518678, 14.375156478368934], [13.215910270017057, 14.387163679649275], [13.556979630406731, 14.31610750531757], [13.684880744203799, 14.159784198190327], [13.713303213936479, 13.918193481865039], [13.727514448802822, 13.676602489137244], [13.727514448802822, 13.378166833346592], [13.784359388268186, 13.832926072666993], [13.883837755930065, 14.102939258724964], [14.111217513791518, 14.287685035584888], [14.381230699849487, 14.387163679649275], [14.70808882537282, 14.31610750531757], [15.120214083691694, 14.159784198190327], [15.50391714868039, 13.946615675195213], [15.91604268340177, 13.733447428602608], [16.1718446345934, 13.605546591208046], [16.299745748390468, 13.50606794714366], [16.555547699582096, 