{"name": "Night Monkey fiber stained coronal", "scale": 0.0311836042596055, "slice_polygons": [[[[[13.330997057702206, 1.2720403376136575], [12.251641146316778, 1.411956804221911], [11.232249434906315, 1.71177780409674], [10.412738390079074, 2.1315275157575435], [9.69316767854344, 2.551276915582304], [8.8736566337162, 3.0909550271930386], [8.373954967258152, 3.5107044270177994], [8.054145588888959, 4.01040640531189], [7.714348455697485, 4.53009613842826], [7.994181388913992, 4.949845850089064], [8.633799833816337, 5.389583316572146], [9.373358612010291, 5.5294997831804], [10.132905456862568, 5.689404628283018], [10.932428123195445, 5.9292614281828815], [11.312201701539603, 6.4689392279575735], [10.752535523270549, 6.049189828132813], [10.032964811734914, 5.769356894916306], [9.353370545351968, 5.689404628283018], [8.593823700499694, 5.4295594498887905], [7.854264922305739, 4.929857783430742], [7.394539077328292, 4.53009613842826], [6.714944810945346, 4.53009613842826], [6.05533829938468, 4.90986971677242], [5.215839187899115, 5.409571383230468], [4.176459409830333, 6.189106294741067], [3.4968648316113438, 6.868700872960055], [2.8172702533923553, 7.728188051103941], [2.2775924536176633, 8.507722962614539], [1.9178069419318258, 9.387198207416747], [1.7379143420069283, 10.146745052269022], [1.6779501420319625, 10.706410918702035], [1.7978785419818941, 11.186124830337805], [2.1576640536677316, 11.545910030187601], [2.597401520150814, 11.445969696895991], [3.137079631761549, 11.246089030312772], [3.716733564852885, 11.106172563704519], [4.616196876313414, 10.92627965194358], [3.8166738981444945, 11.186124830337805], [3.137079631761549, 11.405993563579347], [2.597401520150814, 11.565898096845922], [2.1776521203260537, 11.765778763429143], [1.7978785419818941, 12.3254449416982], [1.7379143420069283, 12.725206274864638], [1.6379740087153185, 13.24489631981705], [1.3581410754988115, 13.864526698061074], [1.3381530088404896, 14.584097409596707], [1.2876957542961496, 15.219807301541152], [1.227731554321184, 15.919389634582418], [1.2077434876628619, 16.479055812851477], [1.1078031543712523, 16.958769412651204], [1.1677673543462181, 17.478459457603616], [1.427612220904403, 18.178042102480923], [1.9073258207041297, 18.81766054738327], [2.526956198948152, 19.37732641381628], [3.346467243775394, 19.657159347032792], [4.145990221944315, 20.076909058693595], [4.90553706679659, 20.516646525176675], [5.325286466621351, 20.656563303620974], [5.90494071154873, 20.976372370154124], [6.824392089667581, 21.176253036737343], [7.723855401128111, 20.99636043681245], [8.563354512613675, 20.516646525176675], [9.262937157490986, 19.857040325452054], [9.642710423999102, 19.217421880549708], [9.762638823949034, 18.757696035572263], [9.622722357340779, 18.497851169014076], [9.982507869026618, 18.437886969039113], [10.282328868901446, 17.99814950255603], [10.202376602268158, 17.558411724236905], [9.802614957265677, 17.11867425775382], [9.362877490782594, 16.71891261275134], [8.883163579146826, 16.43907967953483], [8.603330645930319, 16.139258679660003], [7.863771867736364, 15.81944930129081], [7.503986667886569, 15.599580568049268], [8.12361673429455, 15.679532834682556], [8.783223245855217, 15.979353834557383], [9.262937157490986, 16.159246746318328], [9.822603023924, 16.778876812726306], [10.702078268726208, 17.398507190970328], [11.981315158530895, 17.878221102606098], [12.60296249229843, 18.193412501020486], [13.12426535326315, 18.253614943731996], [13.344134398340735, 18.51345981029018], [13.803859931482139, 18.353555277023602], [14.30356190977623, 17.91381749870448], [14.583394842992737, 17.39412776558811], [15.10308488794515, 17.234223232321533], [15.542822354428232, 17.21423516566321], [15.982560132747357, 17.434103898904752], [16.402309532572115, 17.91381749870448], [16.702130532446947, 18.373543343681924], [17.181844444082717, 18.573424010265146], [17.501653510615867, 18.493471743631854], [17.401713177324257, 18.21363881041535], [17.741510622351772, 18.29359107704864], [18.301176488784787, 18.253614943731996], [18.867322308182946, 17.887329521574287], [19.469298088875394, 17.567292191057952], [20.20885686706935, 17.34742345781641], [20.84847500013565, 16.94766181281393], [21.10832017852988, 16.487936279672525], [21.468105378379676, 15.948258168061791], [21.707962178279534, 15.948258168061791], [22.12771188994034, 15.80834170145354], [22.507485156448457, 15.548496834895353], [22.787318401501004, 15.22868745652616], [23.307008134617373, 14.968842589967974], [23.127115534692482, 15.288651656501125], [22.92723486810926, 15.64843716818696], [22.74734226818436, 15.888293968086826], [22.487497089790136, 16.108162701328368], [22.207664156573628, 16.52791241298917], [21.887855090040475, 16.84772147952232], [21.44811731172135, 17.247482812688762], [21.188272445163165, 17.74718479098285], [21.1283082451882, 18.14694612414929], [21.008379845238267, 18.666636169101704], [21.088332111871555, 19.106373635584784], [21.3082008451131, 19.646051747195518], [21.907843156698796, 20.305658258756186], [22.55872605496784, 20.8288439857461], [23.365222310721293, 21.2307697728842], [24.184733355548534, 21.290733972859165], [24.68443533384263, 21.170805572909234], [24.964268267059133, 20.930948461173326], [25.404005733542213, 21.010900727806618], [25.903707711836308, 20.651115527956822], [26.4034096901304, 20.17140161632105], [27.023039756538378, 19.831604483129578], [27.702634334757366, 19.711676083179647], [28.562121512901253, 19.27193830486052], [29.198067776565985, 18.592524279710197], [29.617817176390748, 17.71304903490799], [29.717757821518397, 16.893537990080745], [29.917638488101616, 16.13399114522847], [29.977602688076583, 15.314480100401228], [29.917638488101616, 14.594909388865597], [29.937626554759937, 13.975279322457617], [29.719159524529868, 13.618023112913274], [29.6591953245549, 13.298214046380124], [29.559254991263295, 12.65859560147778], [29.399350457996718, 12.198869756500333], [29.279422058046784, 11.699168090042283], [29.019576879652558, 11.219454178406515], [28.679779746461087, 10.839680911898398], [28.280018101458605, 10.639800245315179], [28.000185168242094, 10.6597883119735], [27.40054316849244, 10.739740578606789], [26.501079857031907, 10.719752511948466], [27.500483501784046, 10.53985991202357], [28.26003003480028, 10.260026666971019], [28.479899079877868, 9.460503688802099], [28.24004196814196, 8.481088110708281], [27.74034030168391, 7.581624799247752], [26.980793456831634, 6.662173421128901], [26.201258545321036, 6.002567221404277], [25.361759433835473, 5.44290104313522], [24.602212588983196, 5.083115843285426], [23.862654122625283, 4.9032229315244855], [23.24302374438126, 4.863246798207841], [23.00025876154815, 5.218039503015673], [22.64047324986231, 5.637789214676477], [22.140771583404263, 5.97758634786795], [21.541129271818562, 6.177467014451169], [21.061415360182792, 6.257419281084457], [20.581701760383066, 6.357359614376066], [19.80216684887247, 6.457299947667676], [20.521737560408102, 6.2174431477678125], [21.121379560157756, 6.097514747817881], [21.60109347179353, 6.117502814476203], [22.18074771672091, 5.897634081234661], [22.5405329165707, 5.537848569548824], [23.02024682820647, 5.07812303640742], [23.160163294814723, 4.558432991455007], [22.991167493562305, 4.073847265325759], [22.411513248634925, 3.434228820423415], [21.37213347056614, 2.754634554040469], [20.292777559180717, 2.1749803091130904], [19.193433581136965, 1.7552309092883298], [18.1740418697265, 1.515373797552424], [17.47445922484919, 1.495385730894102], [16.854828846605173, 1.6153141308440335], [16.375115246805443, 2.1749803091130904], [15.95536553514464, 2.854574887332079], [15.775472935219742, 3.594133665526033], [15.715508735244777, 4.453620843669919], [15.63555646861149, 5.253143510002796], [15.715508735244777, 6.132618754805004], [15.715508735244777, 6.812213333023992], [15.675532601928134, 7.411855644609694], [15.6879754836998, 7.770884642056193], [15.709079299718532, 8.049583115749735], 