{"name": "Night Monkey cell stained coronal", "scale": 0.0312700792996702, "slice_polygons": [[[[[12.996165787956588, 0.8733326637367017], [12.355760505214409, 1.0868009870838309], [11.623868664165975, 1.285021707063648], [10.983463068723003, 1.5137379464788825], [10.190580188803732, 1.818693140833057], [9.489183867190718, 2.0474093802482916], [8.940264830053996, 2.413355300772508], [8.360850273481857, 2.794548824664037], [7.872922275215972, 3.206238180691776], [7.384994589650878, 3.6484227434541396], [6.836075552514156, 4.136350741720026], [6.287156515377435, 4.639526343353224], [5.875467472050489, 5.005472576578234], [5.692494355437984, 5.386666100469763], [5.648617118267066, 5.7812416547975864], [5.799916458856142, 6.087374480338186], [6.0743761337749, 6.331338635821525], [6.394578931496386, 6.43807279749509], [6.775772455387914, 6.575302478604073], [7.309443576456531, 6.590550394672178], [7.919353652464086, 6.605797998039489], [8.46827268960081, 6.514311439733238], [9.001943810669424, 6.407577278059673], [9.36788973119364, 6.361834155256943], [9.99304741056851, 6.331338635821525], [10.557214051072544, 6.361834155256943], [10.87741684879403, 6.468568316930507], [10.358993331092725, 6.468568316930507], [9.733835651717857, 6.453320713563196], [9.200164530649243, 6.48381592029782], [8.635997890145209, 6.605797998039489], [7.995592294702234, 6.666789036910324], [7.339939095891948, 6.712532159713054], [6.730029332585184, 6.697284556345742], [6.1963578988157755, 6.575302478604073], [5.8151643749242465, 6.209356558079856], [5.479713973835448, 5.9958882347327265], [5.098520137243126, 5.889153760358369], [4.656335574480763, 6.087374480338186], [4.275141737888441, 6.300843116386108], [3.9134238447863328, 6.540620208251222], [3.4680325353917874, 6.846875299801884], [3.086838698799466, 7.2128212203261], [2.7818838171460847, 7.609262660285734], [2.476928935492703, 7.8379788997009685], [2.2329647800093633, 8.158181697422457], [1.897514378920564, 8.752843857361908], [1.5925594972671824, 9.423744972240298], [1.3333477384165304, 10.20137993609146], [1.2266135767429658, 10.96376729657531], [1.2113656606748606, 11.527934249780138], [1.3333477384165304, 12.00061433197792], [1.363843257851948, 12.686763050223623], [1.6078071006344945, 13.327168332965803], [2.019496456662234, 13.723609772925437], [2.5226720582954325, 13.891335286170628], [3.0503821641471522, 13.676618661257857], [3.5535577657803508, 13.35641586353637], [3.8585126474337326, 12.990469943012155], [4.071981283481655, 12.578780586984415], [4.4074316845704535, 11.968870823677651], [4.148219925719802, 12.609276106419832], [3.8890081668691505, 13.036213065814882], [3.6145488046511858, 13.447902421842624], [3.1113732030179873, 13.829095945734153], [2.6674106235466444, 14.165516344682826], [2.3912123322188257, 14.639144848385767], [2.1015050539327564, 15.188063885522489], [1.8575412111502094, 15.813221564897356], [1.7508070494766448, 16.423131328204118], [1.8117980883474796, 17.063536923647092], [1.903284333952939, 17.76493324526011], [2.238735047742531, 18.374843321267665], [2.6207043823014846, 19.05462044815527], [3.1238802966354764, 19.54254813372036], [3.73379005994224, 19.90849436694537], [4.450434297623361, 20.213449248598753], [5.182326138671794, 20.503156526884823], [5.700749656373097, 20.518404130252136], [5.944713499155644, 20.518404130252136], [6.310659732380654, 20.792863805170892], [6.920569495687417, 20.975836609082602], [7.682956856171268, 21.036827647953437], [8.506335255525952, 21.082570770756167], [9.146740850968927, 20.762368285735473], [9.649916452602126, 20.304935806905007], [10.107348931432595, 19.847503328074534], [10.42183336975255, 19.447314481811627], [10.787779290276768, 19.020377522416577], [10.955504490821166, 18.715422328062406], [11.016495529692001, 18.425715362477128], [11.3519459307808, 18.39521984304171], [11.77888289017585, 18.151255687558372], [12.114333291264652, 17.937787364211243], [12.480279211788867, 17.709071124796004], [12.495527127856972, 17.43461144987725], [12.769986490074936, 17.37362072370721], [13.196923449469988, 17.465106969312664], [13.669603844368561, 17.419363846509935], [13.715346967171293, 17.25163864596554], [13.883072167715692, 17.40411593044183], [14.386247769348891, 17.67857560536059], [14.889423683682883, 17.785309767034153], [15.529828966425063, 17.67857560536059], [15.924952059841422, 17.776101041381192], [16.473871096978144, 17.669366567006836], [16.916055659740508, 17.471145847027017], [17.388736054639082, 17.196686484809053], [17.9224071757077, 17.196686484809053], [18.501821732279836, 17.18143856874095], [19.02024524998114, 16.983217848761132], [19.56916397441707, 16.80024504484942], [20.28580821209819, 16.525785369930663], [20.651754132622408, 16.312317046583534], [21.048195572582042, 16.06835320380099], [21.536123570847927, 16.0836008071683], [22.542475086815116, 15.9158756066239], [21.993556049678393, 16.144591846039134], [21.597114609718762, 16.2513260077127], [21.246416292561857, 16.312317046583534], [20.95670932697658, 16.403803604889788], [20.651754132622408, 16.678262967107752], [20.14857853098921, 16.830740564284838], [19.56916397441707, 17.04420888763197], [19.15747493109012, 17.166190965373637], [18.89826317223947, 17.272925127047202], [18.822024530001325, 17.623623444204107], [18.98974973054572, 17.867587286986655], [19.370943254437254, 18.126799045837306], [19.767384694396885, 18.416506324123375], [20.087587492118374, 18.675718082974026], [20.45353341264259, 18.706213602409445], [20.346799250969024, 18.95017744519199], [20.45353341264259, 19.285628158981584], [20.647715601880854, 19.576417694712212], [20.953930042328427, 19.9737991132556], [21.31987596285264, 20.354992949847915], [21.85354708392126, 20.78192990924297], [22.57019132160238, 21.20886686863802], [23.256340039848084, 21.346096549747003], [23.91199323865837, 21.376592069182422], [24.50665539859782, 21.315601030311587], [25.22329963627894, 21.117380310331768], [25.787466276782975, 20.934407193719263], [26.44311947559326, 20.644699915433193], [27.05302955160082, 20.309249514344394], [27.586700672669433, 20.03479015212643], [28.349088033153283, 19.546862153860545], [28.746420044971373, 19.154843553917058], [29.051374926624753, 18.66691555565117], [29.310586685475407, 18.102748915147135], [29.49355980208791, 17.50808675520768], [29.600293963761473, 16.943920114703648], [29.70702812543504, 16.379753474199617], [29.676532605999622, 15.785091314260166], [29.70702812543504, 15.159933634885299], [29.691780522067727, 14.550023558877742], [29.646037086564206, 13.879122756700143], [29.463064282652493, 13.40644236180157], [29.371577724346242, 12.964257799039204], [29.051374926624753, 12.583063962446884], [28.715924525535954, 12.400091158535172], [28.27373996277359, 12.247613561358085], [27.953537165052104, 12.049392841378268], [27.34362708904455, 11.652951401418633], [27.999280287854834, 11.912163160269285], [28.30423548220901, 12.06464044474558], [28.746420044971373, 12.278109080793502], [29.097118362128278, 12.415338761902484], [29.402073243781658, 12.323852203596232], [29.737523644870453, 11.97315419914012], [29.90812319110408, 11.517187974328014], [29.953866626607603, 10.709057491041433], [29.953866626607603, 9.946669817856788], [29.786141426063207, 9.214777976808357], [29.542177270579867, 8.528629258562653], [29.160983746688338, 7.9644626180586195], [28.796334283651884, 7.58737516827993], [28.4913794019985, 7.175686124952985], [28.09493796203887, 6.763996768925245], [27.60700996377298, 6.337059809530193], [27.119081965507096, 5.971113889005976], [26.72264052554746, 5.666159007352595], [26.173721488410738, 5.559424845679031], [25.792527964519213, 5.559424845679031], [25.48757308286583, 6.001609408441394], [25.190616462095715, 6.268755637213545], [24.931404703245065, 6.512719792696885], [24.595953989455474, 6.665197077173178], [24.169017030060424, 6.665197077173178], [23.802697744789366, 6.787190412143397], [23.43675182426515, 6.817685931578813], [22.96407174206737, 