{"name": "Collared peccary", "scale": 0.0417278623154131, "slice_polygons": [[[[[20.654405129055306, 2.7045972378742276], [20.348279933701104, 2.4077873705033173], [20.027708552413305, 2.1762636646752322], [19.65370881621685, 2.0337876343068624], [19.261899628384175, 1.9091210555747111], [18.78104276509179, 1.944739958847148], [18.389233577259116, 2.015978182670644], [17.961805486154006, 2.140644761402796], [17.64123452214483, 2.4255968221395356], [17.33847259249325, 2.6927394312400565], [17.106948886665165, 3.031120264164074], [17.017901628484076, 3.3873101314456875], [16.893235049751922, 3.761309867642142], [16.92885395302436, 4.170928507111033], [17.213806013761097, 4.09969070056616], [17.64123452214483, 3.868166994738075], [18.19332919198209, 3.5832149340013353], [17.7837105525132, 3.903785898010512], [17.427520267952964, 4.1175001522023775], [17.195996562124883, 4.420261664575336], [17.106948886665165, 4.723023594226917], [16.964472856296794, 5.0257851065998755], [16.76856847101977, 5.25730881242796], [16.6260924406514, 5.5422608731646985], [16.465806541368188, 5.898451157724936], [16.51923531355547, 5.684736903533069], [16.6260924406514, 5.292927715700396], [16.697330247196273, 4.883309076231505], [16.64390189228762, 4.491499888398833], [16.35894983155088, 4.224357279298311], [15.967140643718206, 4.135309603838596], [15.504093232062038, 4.188738376025874], [15.16571239913802, 4.331214406394245], [14.809522531856407, 4.52711879167127], [14.560189374392104, 4.7942614007717905], [14.506760602204825, 5.168261136968245], [14.542379505477264, 5.5244514215284815], [14.613617729300758, 5.845022385537658], [14.649236632573196, 6.2368315733703295], [14.684855953124256, 6.55740295465813], [14.720474856396692, 6.9314026908545845], [14.702665404760474, 7.251973654863761], [14.809522531856407, 7.501306812328063], [14.934188693309935, 7.839687645252081], [15.058855272042086, 8.249306284720973], [15.154972481935278, 8.550708720618317], [15.226210288480152, 8.80004187808262], [15.29744851230365, 9.067184487183141], [15.386496187763363, 9.387755451192318], [15.350876867212303, 9.619279157020403], [15.119353161384218, 9.476803126652033], [15.065924806475564, 9.120612842091797], [15.012496451566909, 8.80004187808262], [14.852210552283697, 8.319185014790232], [14.727543973551548, 7.909566375321341], [14.602877394819394, 7.393090608756517], [14.460401364451023, 6.930043197100348], [14.567258491546957, 6.484805654359021], [14.620687263734236, 6.03956769433907], [14.567258491546957, 5.683377409778833], [14.442591912814807, 5.29156822194616], [14.139830400441848, 5.042235064481857], [13.748021212609174, 4.899759034113488], [13.374021476412722, 4.846330679204833], [12.857545709847898, 5.042235064481857], [12.394498298191726, 5.220330415401287], [11.967070207086618, 5.5765202826829], [11.699927597986097, 5.897091663970699], [11.575261019253945, 6.271091400167154], [11.521832247066667, 6.751948263459542], [11.593070470890163, 7.108138130741155], [11.610879922526383, 7.588994994033542], [11.468403892158012, 7.909566375321341], [11.272499506880989, 8.230137339330518], [11.343737313425862, 8.710994202622905], [11.432784988885576, 9.102803390455579], [11.646498825798819, 9.494612578288251], [11.895831983263122, 9.77956463902499], [12.162974592363643, 10.06451669976173], [12.465736522015224, 10.224802599044942], [12.715069679479527, 10.38508808104953], [13.017831191852485, 10.474135756509245], [12.51916487692388, 10.402897532685747], [12.091736785818771, 10.206993147408722], [11.699927597986097, 10.117945471949009], [11.48621334379423, 9.904231217757141], [11.379356216698296, 9.548040933196907], [11.219070734693709, 9.120612842091797], [10.969737577229408, 8.817851329718838], [10.73821387140132, 8.532898851703475], [10.32859523193243, 8.515089400067257], [9.972404947372194, 8.657565430435628], [9.723071789907893, 8.871279684627494], [9.687452886635455, 9.156231745364233], [9.740881658822733, 9.441184223379596], [9.562786307903304, 9.65489806029284], [9.313453150438999, 9.886421766120923], [9.206596023343067, 10.171373826857662], [9.242215343894127, 10.687849593422486], [9.438119729171152, 11.06184932961894], [9.6340245317268, 11.507087289638893], [9.366881922626279, 11.275563583810808], [9.064119992974698, 11.11527810180622], [8.725739577329302, 11.06184932961894], [8.351739841132847, 11.275563583810808], [7.9955495565726125, 11.667372771643482], [7.835264074568023, 12.059181959476154], [7.853073526204242, 12.593467177677196], [8.138025586940982, 13.198990619701735], [8.476406419865, 13.84013296499871], [8.903834510970109, 14.231942152831385], [9.277834247166563, 14.58813243739162], [9.776500562095169, 14.69498914720893], [10.203928653200279, 14.55251311684056], [10.702594968128887, 14.481275310295686], [11.325927861789642, 14.392227634835972], [11.717737049622317, 14.374418183199754], [12.002689110359055, 14.196323249558947], [12.323260491646854, 13.946990092094644], [12.51916487692388, 13.679847482994123], [12.536974328560097, 13.074324040969584], [12.590403100747377, 13.430514325529819], [12.50135542528766, 13.911370771543584], [12.394498298191726, 14.249751604467601], [12.198593912914703, 14.659370243936493], [11.984879658722837, 14.766227371032427], [11.77116540453097, 14.58813243739162], [11.397165668334516, 14.58813243739162], [10.91630922232075, 14.659370243936493], [10.453261810664582, 14.69498914720893], [10.06145262283191, 14.748417919396209], [9.812119465367607, 15.01556052849673], [9.865548237554885, 15.44298861960184], [10.104843757739216, 15.96805406662429], [10.47884349393567, 16.3954821577294], [10.888462550683183, 16.840720117749353], [11.226842966328578, 17.054433954662596], [11.618652154161252, 17.054433954662596], [11.885794763261773, 17.3037671121269], [11.850175859989335, 17.76681452378307], [12.046080662544982, 18.28329029034789], [12.491318205286312, 18.817575508548934], [13.007793971851136, 19.245003599654044], [13.559888641688396, 19.423098950573472], [14.201030986985371, 19.63681320476534], [14.770935525737475, 19.850527041678582], [15.073697038110433, 20.135479102415324], [15.387052420168027, 20.316030555310636], [15.867909283460415, 20.26260178312336], [16.24190860237825, 20.26260178312336], [16.722765465670637, 20.369458910219294], [17.274860135507897, 20.494125488951443], [17.84476467426, 20.54755426113872], [18.414668795733476, 20.600982616047375], [18.85990675575343, 20.618792067683597], [19.23390649194988, 20.814696870239242], [19.928477192155512, 21.15307728588464], [19.958316369218643, 21.456574460470218], [20.367935425966156, 21.29628897846563], [20.973458450712073, 20.94009869390539], [21.16936325326772, 21.171622399733476], [21.45431531400446, 21.064765272637544], [21.650220116560106, 20.95790814554161], [22.077648207665217, 21.011336500450266], [22.75440945623463, 20.94009869390539], [23.32431399498673, 20.744193891349745], [23.62707550735969, 20.583908409345156], [24.0545035984648, 20.548289506072717], [24.553169913393404, 20.40581347570435], [25.05183622832201, 20.37019415515329], [25.692978573618987, 20.192099221512482], [26.22726379182003, 20.031813739507896], [26.619072979652703, 20.031813739507896], [26.95745381257672, 20.067432642780332], [27.49173903077776, 19.978384967320615], [27.973290662977703, 19.678931222593402], [28.47195697790631, 19.287122034760728], [28.845956714102766, 19.109026683841297], [29.380241932303807, 18.824074623104558], [29.71862276522782, 18.503503241816762], [29.843289343959974, 18.182932277807584], [30.21728908015643, 17.808932541611128], [30.431003334348297, 17.47055170868711], [30.520050592529387, 17.185599647950372], [31.107764582917707, 17.06093306921822], [31.891382958583055, 16.704742784657984], [32.49690640060759, 16.206076887008003], [32.79966791298055, 15.564934541711025], [32.959953394985135, 15.101887130054855], [32.90652504007648, 14.76350629713084], [32.58595365878868, 14.60322081512625], [32.21195392259223, 14.425125881485442], [31.820144734759555, 14.229221078929795], 