{"name": "Pig", "scale": 0.0432275850436273, "slice_polygons": [[[[[17.864287990989986, 2.9019386772181743], [17.43826933348878, 2.870381675584625], [17.059586178437893, 2.8388246739510765], [16.633567520936683, 2.696818598875957], [16.097099357718058, 2.775710670683979], [15.623745197766524, 2.9177171780349487], [15.260840543532414, 3.1543942580107145], [14.9926064619231, 3.5804129155119226], [14.803264884397658, 3.927539068929259], [14.361467726079676, 3.7855329938541393], [13.903892066944918, 3.7539759922205906], [13.288531831918267, 3.9590960705628078], [12.909848676867382, 4.195773150538574], [12.420716016099076, 4.621791808039782], [12.026254360231418, 4.826911886381998], [11.449250393689827, 4.9972108481440225], [11.08667686275715, 5.360042015483558], [10.771107278697512, 5.722947101993519], [10.72377177624719, 6.148965759494728], [10.802664280331062, 6.653876488803958], [11.153303971860742, 7.2169659279958545], [11.499189925863178, 7.723619593534043], [11.846316079280514, 8.118081249401703], [11.956765584997935, 8.528321406086137], [11.94098708418116, 8.828112489329], [11.57808242994705, 9.175238642746336], [11.199398842620313, 9.695928305148191], [10.868051190019752, 10.216617535274196], [10.59981710841044, 10.768864199309599], [10.489368034968868, 11.273774928618828], [10.584038607593664, 11.699794018395886], [10.71026661412786, 12.078477173446771], [10.552481605960116, 12.39404632523056], [10.221133953359553, 12.236261749338667], [10.000235374200562, 11.652458515945563], [10.000235374200562, 11.084433351093386], [10.189576951726005, 10.658414693592178], [10.236912454176327, 10.23239603609097], [10.678709612494309, 9.869491381856859], [10.9627221949204, 9.206795644379886], [10.899608191653302, 8.622992410986782], [10.650317302361806, 8.113257050910834], [10.391823260214522, 7.606924998605369], [10.17092468105553, 6.944229261128396], [9.981583103530088, 6.249976954293723], [9.539785945212104, 5.918628869417311], [8.971760780359928, 5.839736365333438], [8.435293049417147, 5.950185871050859], [7.961938889465617, 6.218419952660175], [7.535920231964408, 6.502432102810413], [7.283464651171868, 6.802223186053277], [7.299243151988643, 7.259798845188033], [7.504363230330859, 7.7647100067731145], [7.693704807856302, 8.11183616019045], [8.025052892732713, 8.600968820958755], [7.804154313573723, 8.585190320141981], [7.125680075279974, 8.33273473934944], [6.604990412878119, 8.206507165091097], [6.131636252926588, 8.33273473934944], [5.737174597058929, 8.727196395217101], [5.279598937924172, 9.184772054351859], [4.932472784506835, 9.705461716753714], [4.727352706164618, 10.289264950146814], [4.727352706164618, 10.762619110098345], [4.364448051930508, 10.967739188440563], [3.8698955165494326, 10.981932533713788], [3.3807628557811262, 11.344837620223748], [3.080971772538263, 11.802413279358506], [2.749624119937701, 12.307324008667736], [2.5445040415954843, 12.90690617515346], [2.466506348522015, 13.591070892742353], [2.5431864648033544, 14.084420404431665], [2.6536355382449246, 14.478882492575176], [2.6536355382449246, 14.904901150076382], [2.700971040695248, 15.236248802676947], [2.6536355382449246, 15.50448288428626], [2.4169584582691592, 15.867387538520372], [2.243395381560491, 16.43541270337255], [2.1802813782933934, 16.987658935132103], [2.3222878856443634, 17.745025677509723], [2.26756089842743, 18.388639029845034], [2.343899949062775, 18.975435773502408], [2.4385709539634215, 19.401454431003618], [2.754140105747209, 19.748580584420957], [3.1486017616148683, 19.92214366112962], [3.558841918299302, 19.701245081970633], [3.9217470048092626, 19.354118928553294], [4.300430159860148, 19.00699277513596], [3.9690825072595866, 19.496125003628414], [3.7324054272838207, 19.92214366112962], [3.416835843224183, 20.19037774273894], [3.1643802624316426, 20.5532828292489], [2.990817185722975, 21.010858056107807], [3.0223741873565237, 21.263313636900346], [2.880368112281404, 21.768224798485427], [2.9750386849062, 22.320471030244978], [3.1093407397748445, 22.637880380324074], [3.3782902379166306, 22.92391947193701], [3.4414042411837285, 23.318381127804667], [3.5518533146252986, 23.886406292656844], [3.8200873962346136, 24.48598802686672], [4.41966913044449, 25.006677689268574], [5.035029797746991, 25.290689839418814], [5.650390032773642, 25.44847484758656], [6.439313344508961, 25.527366919394577], [7.149344584436257, 25.480031849220108], [7.701590816195811, 25.27491177087789], [8.143387974513793, 24.927785185184707], [8.443179057756657, 24.470209526049945], [8.679856137732422, 23.949520295923943], [8.774526710357218, 23.302603059263745], [8.790305211173992, 22.624128820969993], [8.569406632015001, 22.198110163468787], [8.332729552039236, 21.803648075325277], [7.9698248978051245, 21.393407918640843], [7.906710894538028, 21.077838766857056], [8.190723476964118, 20.935832259506086], [8.49051456020698, 21.298737346016047], [8.790305211173992, 21.74053450433403], [9.074317793600082, 22.277002235276807], [9.310994873575847, 22.592571819336445], [9.658121026993184, 22.845027400128984], [10.068361615953469, 23.00281197602088], [9.642342958452259, 23.113261049462448], [9.2794378719423, 23.25526755681342], [8.963868720158512, 23.539279706963654], [8.774526710357218, 23.949520295923943], [8.6325206352821, 24.51754502850027], [8.605437688700567, 25.151197880689832], [8.889449838850805, 25.68766604390846], [9.441696502886208, 25.924343123884228], [9.946607664471289, 26.003235195692252], [10.388404822789271, 25.861229120617132], [10.830201981107253, 25.656109042274913], [11.003765057815922, 26.11368470140967], [11.445562216133904, 26.539703358910877], [12.124036454427653, 26.55548185972765], [12.628947183736884, 26.571260360544425], [13.19697234858906, 26.28724777811834], [13.512541500372848, 25.75077961489971], [13.549033795390828, 25.26435818826534], [13.598317565099066, 24.680067779988796], [13.61409606591584, 24.206713620037263], [13.89810864834193, 23.733359460085733], [14.134785728317697, 23.307340802584527], [14.529247384185355, 22.92865764753364], [14.971044542503337, 22.581531061840455], [15.507512273446117, 22.06084183171445], [16.043980436664746, 21.492816666862268], [16.45422059334918, 21.003684006093962], [17.085359329192606, 20.530330278418283], [17.71649806503603, 20.0885331201003], [18.36341530169623, 19.75718503522389], [19.105003543257077, 19.709849532773568], [19.51714787506268, 19.776225921883906], [20.132508110089333, 19.586884344358463], [20.495412764323444, 19.223979690124352], [20.81098234838308, 18.78218253180637], [20.747868345115982, 18.371942375121936], [20.52696976595699, 17.88280971435363], [20.668976273307962, 17.235892477693433], [20.98454542509175, 16.77831681855867], [21.521013588310378, 16.446969165958112], [22.341493901679247, 16.304962658607142], [22.877962064897876, 16.51008273694936], [23.288202221582306, 16.999215397717666], [23.524879301558073, 17.409455554402097], [23.477543799107753, 18.040594290245522], [23.461765298290977, 18.671733458364802], [23.572214371732546, 19.2555366917579], [23.98245496069283, 19.76044785334298], [24.298024112476618, 20.060238504309996], [24.724042769977828, 19.870896926784553], [24.992276851587143, 19.649998347625562], [25.323624504187702, 19.318650695025], [25.544523083346693, 19.192422688490804], [25.970541740847906, 19.318650695025], [26.6805729807752, 19.665776848442334], [27.24859814562738, 19.981346432501972], [27.785065876570155, 20.533592664261526], [28.328865005936336, 21.017472308895332], [28.912668239329435, 21.538161971297185], [29.43335790173129, 22.121965204690287], [29.922490130223746, 22.73732543971694], [30.25383821510016, 23.668255258803224], [30.585185867700723, 24.898975728856527], [30.73565244572058, 25.320425662894475], [31.16167110322179, 25.557102742870242], [31.429905184831103, 25.9515643987379], [31.808588339881986, 26.235576981163987], [32.40817007409186, 26.235576981163987], [32.92885973649372, 26.21979848034721], [33.260207389094276, 25.9515643987379], [33.29176439072783, 