{"name": "Northern Pocket gopher", "scale": 0.0112863638885112, "slice_polygons": [[[[[5.61535631699762, 1.7299319844209804], [5.672555270593678, 1.631876619275789], [5.697069140095886, 1.4357660018490452], [5.697069140095886, 1.2641692539245086], [5.713411682142811, 1.1170863755021798], [5.713411682142811, 0.9536608421692866], [5.697069140095886, 0.7902353088363934], [5.623527644452902, 0.6840087290995587], [5.525472279307711, 0.6268098883671391], [5.362046858838457, 0.577782149362724], [5.2067926529608455, 0.5369258506772299], [5.051538447083234, 0.4878981116728147], [4.896284128341985, 0.44704181298732054], [4.757372464511299, 0.4143567288934697], [4.61028958608897, 0.3735003173443367], [4.422350183253869, 0.33264390579520364], [4.193554594596913, 0.30813014915663495], [3.9402450235741107, 0.33264390579520364], [3.703278107461873, 0.3571577752974112], [3.4744824059412776, 0.39801418684654427], [3.3192280872000275, 0.44704181298732054], [3.131288797228566, 0.5124119811750222], [2.951520721848747, 0.5859534768180061], [2.7063824782812267, 0.7003512711464841], [2.5021006462628397, 0.8310917203855264], [2.3059900288360957, 0.9291469726670791], [2.1507358229584845, 1.0353735524039138], [2.0036529445361557, 1.1497714595960307], [1.8238848691563372, 1.2641692539245086], [1.701315747372577, 1.3785671611166257], [1.6032603822273856, 1.4602798713512528], [1.5378902140396837, 1.54199258158588], [1.4480061763497747, 1.66456170336964], [1.3662934661151473, 1.811644694655608], [1.2764094284252379, 1.9587275730779365], [1.1910158963356505, 2.1578622588449683], [1.117474400692667, 2.3458015488164303], [1.0275903630027576, 2.5092270821493234], [0.9703914094066991, 2.6481387459800088], [0.9295351107212049, 2.80339295185762], [0.8723361571251466, 2.983161027237439], [0.855993615078221, 3.146586447706693], [0.8314797455760136, 3.3181831956312293], [0.8478222876229389, 3.4489236448702716], [0.8886786991720719, 3.5142938130579737], [0.8396510730312956, 3.6041778507478828], [0.7987946614821626, 3.7349182999869255], [0.7987946614821626, 3.8901725058645362], [0.8069659889374448, 4.020912842239939], [0.7987946614821626, 4.08628312329128], [0.7415957078861041, 4.151653291478982], [0.7252531658391788, 4.241537329168891], [0.7497670353413863, 4.372277665544294], [0.8314797455760136, 4.617415909111815], [0.9867339514536245, 4.936095648322319], [1.1746733542887253, 5.181233891889839], [1.395297728354038, 5.401858265955152], [1.624093429874633, 5.622482752884104], [1.8447178039399454, 5.818593370310848], [2.1879114126526575, 6.022875202329234], [2.294137992389492, 6.047389071831443], [2.449392198267103, 6.161786866159921], [2.7027016564262665, 6.243499576394549], [2.9233261433552182, 6.268013445896756], [3.118627077036601, 6.221001790073745], [3.257538740867286, 6.163802836477688], [3.429135488791823, 6.065747584196134], [3.535362068528657, 5.984034873961507], [3.5762184800777903, 5.910493378318522], [3.5762184800777903, 5.812438013173331], [3.551704610575583, 5.738896630393987], [3.4945057698431636, 5.632670050657152], [3.584389694669434, 5.730725302938704], [3.6007323495799977, 5.836951882675539], [3.5925610221247157, 5.935007134957092], [3.682445059814625, 6.049405042149209], [3.9275833033821455, 6.147460294430762], [4.229920500545725, 6.2618582016228785], [4.507743828207095, 6.351742239312787], [4.728368202272408, 6.466140033641266], [4.9489926892013605, 6.564195285922818], [5.1696170632666725, 6.564195285922818], [5.349385138646491, 6.556024071331175], [5.488296802477177, 6.531510201828967], [5.635379680899505, 6.515167659782042], [5.798805214232398, 6.523338987237324], [5.978573289612217, 6.539681529284249], [6.2237115331797375, 6.547852743875892], [6.493363533385827, 6.515167659782042], [6.624103982624869, 6.457968819049622], [6.713988020314778, 6.351742239312787], [6.877413440784033, 6.2618582016228785], [7.057181516163852, 6.147460294430762], [7.220607049496744, 6.08209012624306], [7.433060208970414, 5.984034873961507], [7.5719718728010985, 5.902322050863241], [7.710883536631785, 5.836951882675539], [7.841623873007188, 5.698040218844854], [7.898822826603247, 5.649012592704078], [7.866137742509396, 5.779752929079481], [7.9396792381523795, 5.894150836271598], [8.160303612217694, 6.000377416008432], [8.495325893475123, 6.073918798787777], [8.699607725493511, 6.098432668289985], [8.952917296516313, 6.049405042149209], [9.108171502393922, 5.959521004459299], [9.24708316622461, 5.86963696676939], [9.385994830055294, 5.812438013173331], [9.500392737247411, 5.730725302938704], [9.606619316984245, 5.616327508610227], [9.738334456608701, 5.484153916884621], [9.836621305077244, 5.369677230872562], [9.975532968907931, 5.255279323680445], [10.089930876100048, 5.149052743943611], [10.228842539930733, 5.0183124075682075], [10.375925418353063, 4.887571958329165], [10.498494540136821, 4.756831621953761], [10.580207363235088, 4.634262500170001], [10.670091400924997, 4.503522050930958], [10.735461569112699, 4.380952929147199], [10.776317980661833, 4.225698723269588], [10.792660522708758, 4.086787059438902], [10.784489195253474, 4.005074349204275], [10.743632896567982, 3.9070189840590834], [10.727290241657418, 3.768107320228398], [10.719119027065773, 3.6537095258999197], [10.719119027065773, 3.539311618707803], [10.702776485018848, 3.4085712823324], [10.67826261551664, 3.3105159171872085], [10.653748858878071, 3.236974534407863], [10.661920073469716, 3.1389191692626714], [10.637406316831147, 3.0081788328872685], [10.629234989375865, 2.8610958416013004], [10.593877068585936, 2.6794646132707665], [10.51216435835131, 2.4833539958440225], [10.44679407729997, 2.2872433784172785], [10.373252694520625, 2.1483317145865928], [10.316053740924565, 2.001248836164264], [10.234341030689938, 1.8378233028313709], [10.160799535046955, 1.7152541810476105], [10.08725803940397, 1.5926850592638504], [9.989202787122418, 1.4782872649353724], [9.882976207385582, 1.380231899790181], [9.727722001507972, 1.274005320053346], [9.580639010222004, 1.1596075257248681], [9.458069888438244, 1.0615521605796767], [9.270130598466782, 0.9471543662511989], [9.131218934636097, 0.8409277865143641], [9.003808075607804, 0.7707159939457688], [8.8730677392324, 0.7135170403497103], [8.75049861744864, 0.6563180867536519], [8.636100710256523, 0.6318043301150831], [8.50536037388112, 0.5664340490637425], [8.374619924642078, 0.5010638808760408], [8.145824223121483, 0.4111798431861315], [7.933371176511452, 0.3376383475431477], [7.704575474990857, 0.3212958054962222], [7.4921223155171885, 0.31312459090457895], [7.238812744494386, 0.32946713295150437], [7.042702127067642, 0.3703235445006374], [6.846591622504536, 0.3948373011392061], [6.634138463030866, 0.4356937126883391], [6.3971714340549894, 0.4847213388291154], [6.209232144083527, 0.5255777503782485], [6.029464068703708, 0.5909479185659501], [5.906894946919949, 0.6481468721620086], [5.825182236685322, 0.6971744983027849], [5.776154610544546, 0.7870585359926942], [5.751640741042338, 0.8851137882742467], [5.735298198995412, 1.015854237513289], [5.727126984403769, 1.1220808172501238], [5.718955656948487, 1.2283073969869587], [5.710784329493205, 1.3427051913154364], [5.718955656948487, 1.465274313099197], [5.710784329493205, 1.5633295653807495], [5.718955656948487, 1.6532136030706586], [5.75981206849762, 1.7267550987136424], [5.8088396946383964, 1.783954052309701], [5.694441787446279, 1.783954052309701], [5.539187581568669, 1.775782724854419], [5.61535631699762, 1.7299319844209804]]]]]}