{"name": "Polar bear", "scale": 0.1030918801226999, "slice_polygons": [[[[[48.068746820259825, 6.1902034879075805], [46.96990387197638, 6.327558985307861], [45.91684712041183, 7.060120607190556], [44.68064867472811, 7.975822892273624], [43.81073155544514, 8.98309447803808], [42.84924410456197, 9.853011597321055], [42.20825281427946, 10.539789084322457], [41.65883185559714, 11.455491369405527], [41.429906026596676, 12.18805299128822], [41.70461702139723, 13.149540442171384], [40.83469990211426, 12.004912328087848], [39.78164211963091, 11.180780374604966], [38.77436950294766, 10.356648421122083], [37.44660175658255, 9.990367094721336], [36.16461814509873, 10.17350775792171], [35.01999106193399, 10.860284214004311], [34.241643243332405, 11.867556830687565], [33.92114811365055, 12.829044281570729], [34.15007394265102, 13.790531732453891], [34.9742058961339, 14.339952691136212], [35.88990818121697, 15.164084644619093], [36.85139460118133, 16.03400176390207], [37.950237549464774, 16.72077821998467], [39.003295331948124, 17.590695339267644], [38.08759304686506, 17.2244150437857], [36.62246980309966, 16.262927592902535], [35.43205652321603, 15.34722530781947], [34.47056907233287, 14.477308188536492], [33.50908162144971, 13.790531732453891], [32.54759520148535, 13.790531732453891], [31.90660288028404, 14.248382359536025], [31.54032258480209, 15.301440142019375], [32.13552870928451, 16.17135726130235], [32.91387549696729, 17.041274380585325], [33.60065195304989, 17.956976665668396], [34.2874284091325, 18.781108619151276], [34.9742058961339, 19.51367024103397], [33.87536294785046, 18.82689378495137], [32.822305165367105, 17.72805083666793], [31.860817714483947, 16.400283090302818], [30.624620299719023, 15.393010473619562], [29.388421854035304, 15.026729147218813], [28.014868941870095, 15.072514313018907], [26.87024082778656, 15.667721468420122], [26.13767920590387, 16.766563385784764], [26.000323708503586, 18.094332163068675], [26.5955308639048, 19.10160374883313], [27.694372781269443, 20.246231862916666], [29.205282221753727, 20.612513189317415], [30.807760962919396, 21.07036381639955], [32.1813138750846, 21.528214443481684], [33.60065195304989, 22.260777096283178], [32.410239704085065, 21.848710604082335], [30.899330263600785, 21.345074811200107], [29.388421854035304, 21.07036381639955], [28.06065410767019, 20.933008318999267], [26.5955308639048, 21.024578650599455], [25.496687915621358, 21.3908599770002], [24.809911459538757, 22.306562262083272], [24.07734983765606, 23.680115174248474], [23.573713013855034, 25.007882920613582], [23.848424008655595, 26.19829620049721], [24.809911459538757, 26.19829620049721], [26.275034703304147, 25.09945325221377], [27.465447983187776, 24.32110646453098], [28.6558602321526, 24.13796580133061], [29.708918014635955, 24.092180635530514], [30.670405465519117, 23.725900340048568], [31.63189291640228, 23.451189345248007], [33.05123099436757, 23.039123883965967], [32.08974354348441, 23.680115174248474], [31.036685761001063, 23.90904100324894], [30.212553807518184, 24.41267679613117], [30.02941417523661, 25.51151974441461], [29.846273512036237, 26.56457649597916], [29.205282221753727, 25.832014874096465], [28.381149237352044, 25.282593915414143], [27.2823073199874, 25.145238418013864], [26.32081986910424, 25.74044454249628], [25.26776208662089, 26.70193199337944], [24.718341127938572, 27.98391560486326], [24.62677079633838, 28.94540305574642], [24.443630133138008, 29.815320175029395], [23.89420917445569, 30.95994725819413], [23.8026388428555, 32.33350120127814], [24.30627463573773, 33.157633154761015], [24.901481791138945, 34.11911957472538], [24.901481791138945, 34.073334408925284], [26.32081986910424, 34.760111895926684], [27.740157947069534, 34.89746739332696], [29.47999218563549, 34.89746739332696], [30.44147963651865, 34.439615735326036], [31.402967087401812, 33.157633154761015], [32.13552870928451, 32.104575372277665], [33.05123099436757, 31.09730275559441], [33.783792616250274, 29.952674641510875], [33.234371657567955, 31.143087921394503], [32.50181003568526, 32.104575372277665], [32.08974354348441, 32.608211165159894], [31.815032548683853, 33.2492024554424], [31.63189291640228, 34.02755027404399], [31.998173211884225, 34.85168222752687], [32.421777747308404, 35.44976873913991], [33.108554203391, 35.63290940234029], [33.932686156873885, 35.5413390707401], [32.87962940530934, 35.86183420042196], [32.10128261762655, 35.90761936622205], [31.048224835143195, 36.13654519522252], [30.3156632132605, 36.731751319704934], [29.812026389459476, 37.55588327318781], [29.583101591377808, 38.47158555827089], [29.033679601776686, 39.295717511753764], [28.072192150893528, 40.07406429943655], [27.431200860611014, 41.08133691611981], [26.652854072928225, 41.76811337220241], [26.652854072928225, 42.821171154685764], [26.8817799019287, 43.55373277656846], [26.515498575527946, 43.82844377136902], [26.057647948445815, 43.14166731528641], [25.416656658163305, 42.59224532568529], [24.913019834362277, 42.04282436700297], [25.187730829162838, 41.1271220819199], [25.4624418239634, 39.7535691697547], [24.913019834362277, 38.883652050471724], [23.951532383479112, 38.56315588987107], [23.035831129314847, 38.56315588987107], [22.44062397391363, 38.60894105567117], [21.75384751783103, 39.38728784335395], [21.021285895948335, 40.57770112323758], [20.929715564348147, 42.22596503020335], [20.471864937266016, 43.09588214948632], [20.5634342379474, 44.24050923265106], [20.91014975641966, 44.90538175696399], [21.505355880902076, 45.59215821304659], [21.68849654410245, 46.37050500072937], [21.642711378302355, 47.46934794901282], [22.512628497585332, 48.20190957089551], [23.382545616868306, 48.56818986637746], [24.34403203683267, 48.2934799024957], [25.076594689634163, 47.78984307869467], [25.534445316716297, 47.37777761741263], [25.44287498511611, 48.11033923929533], [24.710313363233414, 48.52240470057737], [23.748825912350256, 49.48389215146053], [22.92469395886737, 50.21645377334322], [22.283702668584862, 51.269511555826575], [22.329487834384956, 52.505710001510295], [22.92469395886737, 53.32984195499318], [23.84039624395044, 53.8792629136755], [25.030809523834073, 53.970833245275685], [26.2212217727989, 53.78769258207531], [27.182709223682064, 53.65033708467503], [27.96105601136485, 52.917775462792335], [28.098411508765132, 51.95628801190917], [27.54899055008281, 51.452652219026945], [26.862213063081406, 51.452652219026945], [27.182709223682064, 50.53694993394388], [27.869485679764665, 49.89595864366137], [28.3273373377656, 49.20918218757877], [28.510476970047172, 48.385050234095885], [28.556262135847266, 49.39232181986034], [28.23576700616541, 50.21645377334322], [28.144196674565226, 50.903231260344626], [28.464692835165877, 51.818932514508894], [29.334608923530052, 52.505710001510295], [30.570807369213775, 52.780419965392056], [31.486509654296846, 52.459924835710204], [32.21907127617954, 51.86471768030899], [32.81427740066196, 51.17794122422639], [33.45526972186326, 51.59000771642723], [34.82882263402846, 51.86471768030899], [36.202375546193664, 51.72736321382751], [37.66749878995906, 51.17794122422639], [39.13262306464325, 50.3995944365436], [40.50617597680845, 49.52967731726062], [41.238737598691145, 48.385050234095885], [40.780886971609014, 47.560918280613], [39.91096985232603, 47.19463695421226], [39.727829189125664, 46.736786327130126], [40.23146498200789, 46.64521599552994], [40.27725014780798, 45.91265437364724], [39.68204402332557, 45.5005878814464], [38.720556572442405, 44.90538175696399], [37.85063945315943, 44.31017460156277], [37.3927888260773, 43.48604264807989], [36.93493716807636, 42.75348102619719], [36.38551620939405, 42.29563039911506], [36.47708654099423, 41.83777874111413], [37.118077831276736, 42.249845233314964], [37.85063945315943, 43.165547518398036], [38.674771406642314, 44.172820135081295], [39.773614354925755, 44.90538175696399], [41.284522764491236, 45.5463730472465], [42.703860842456535, 46.233149503329095], [44.53526541262267, 