{"name": "European rabbit", "scale": 0.0196940517248119, "slice_polygons": [[[[[9.44685513861038, 4.494708434783138], [9.60468346607354, 4.42706783555065], [9.73996486147903, 4.291786440145159], [9.830152392769188, 4.179051976797335], [9.875246256884523, 4.021223649334175], [9.875246256884523, 3.8183016546961954], [9.863972790855689, 3.6604733272330354], [9.875246256884523, 3.4011840024508855], [9.88651952597284, 3.1869885417840718], [9.88651952597284, 2.9727928841767413], [9.897792992001675, 2.781144355567596], [9.897792992001675, 2.5782221639890994], [9.909066458030509, 2.4203940334664567], [9.863972790855689, 2.296386104089799], [9.78505852865385, 2.183651640741975], [9.683597531334861, 2.037096779307649], [9.582136534015872, 1.9356357819886594], [9.401761274495044, 1.8003543865831675], [9.198839279857065, 1.732713590410163], [8.984643819190252, 1.7101666583524946], [8.804268559669422, 1.6876197262948265], [8.623893300148595, 1.6763464572065094], [8.409697839481781, 1.6988931923236605], [8.218049310872635, 1.732713590410163], [8.015127119294139, 1.8003543865831675], [7.857298988771495, 1.8567215197868205], [7.699470661308335, 1.913088849930991], [7.519095401787507, 2.025823313278815], [7.361267074324347, 2.1272843105978043], [7.214712409830539, 2.2512922399744624], [7.011790218252042, 2.364026703322286], [6.83141515567173, 2.4654877006412756], [6.696133760266238, 2.5105815647566123], [6.470664833570591, 2.5444019628431147], [6.245195709934427, 2.5782221639890994], [6.0310002492676125, 2.5894956300179337], [5.895718853862121, 2.6007690960467675], [5.749163992427794, 2.6345894941332704], [5.467327735587977, 2.6007690960467675], [5.21931187683466, 2.6007690960467675], [4.993842950139014, 2.6345894941332704], [4.809726411612022, 2.6655883254291584], [4.550437086829873, 2.7445025876309974], [4.347515092191894, 2.823416652892319], [4.189686764728733, 2.9136041841824745], [3.9642178380330857, 3.0488855795879664], [3.7500223773662724, 3.2067139070511264], [3.626014447989615, 3.308174904370116], [3.5020065186129563, 3.42090936771794], [3.4456391884687863, 3.4998236299197782], [3.3441781911497968, 3.5449172970945977], [3.208896795744305, 3.612558093267602], [3.0623419343099783, 3.7252925566154262], [2.927060538904487, 3.826753553934416], [2.825599541585497, 3.950761483311074], [2.7015916122088393, 4.0973163447453995], [2.6001306148898498, 4.311511805412213], [2.49866961757086, 4.570801130194363], [2.4648492194843574, 4.841363921005347], [2.4761226855131917, 5.100653245787497], [2.49866961757086, 5.371216036598481], [2.4648492194843574, 5.551591099178792], [2.419755355369021, 5.73196635869962], [2.3972086202518703, 5.912341618220449], [2.3633882221653675, 6.205451144148584], [2.3408412901077, 6.464740468930733], [2.2844739599635293, 6.690209395626381], [2.2732006908752123, 6.904405053233712], [2.3521147561365336, 7.107327047871691], [2.3972086202518703, 7.3102492394501875], [2.3972086202518703, 7.411710236769177], [2.3408412901077, 7.558265098203503], [2.23938029278871, 7.817554422985653], [2.208381264552304, 8.035478755406041], [2.174561063406319, 8.373682145449514], [2.208381264552304, 8.666791868318166], [2.2534751286676404, 8.982448523244486], [2.366209592015464, 9.320651913287957], [2.569131783593961, 9.557394306012439], [2.794600710289608, 9.703949167446766], [3.098983702246578, 9.805410164765755], [3.3357262919115764, 9.805410164765755], [3.4935544224342188, 9.7490430315621], [3.572468684636058, 9.681402235389097], [3.6739296819550473, 9.613761636156609], [3.561195218607224, 9.873050960938759], [3.459734221288234, 10.087246421605574], [3.425913823201732, 10.290168416243553], [3.414640357172898, 10.560731207054536], [3.4710076873170683, 10.820020531836686], [3.572468684636058, 11.0342159925035], [3.741570281187535, 11.225864718053161], [3.9670394048236997, 11.42878671269114], [4.215055263577015, 11.620435438240804], [4.350336658982507, 11.766990299675129], [4.463071122330331, 11.981185760341944], [4.722360447112481, 12.195381221008756], [5.049290371127118, 12.38702994655842], [5.353673560024604, 12.533584807992746], [5.635509619923905, 12.60122540722523], [5.838431811502402, 12.589951941196398], [5.984986672936728, 12.533584807992746], [6.007533408053879, 12.713959870573056], [6.184790114484083, 12.866135611310161], [6.489445475176407, 13.080340722062319], [6.8051021301027275, 13.215622117467811], [7.0080241247407065, 13.204348651438975], [7.154578986175032, 13.13670805220649], [7.3236807796670265, 13.181801916321827], [7.571696638420342, 13.170528450292991], [7.830985963202492, 13.080340722062319], [8.022634491811637, 12.933785860627992], [8.169189353245963, 12.787231196134185], [8.338291146737957, 12.606855936613357], [8.45102561008578, 12.392660475946542], [8.563760073433604, 12.144644617193226], [8.597580471520107, 11.930448959585895], [8.586307005491273, 11.73880043097675], [8.529939675347102, 11.547151705427089], [8.45102561008578, 11.40059704093328], [8.349564612766791, 11.220221781412452], [8.248103615447802, 11.084940386006958], [8.079001821955808, 10.904565323426649], [8.304470748651456, 10.972205922659134], [8.496119474201118, 11.017299786774473], [8.789229000129252, 11.130034250122296], [9.09361218902674, 11.220221781412452], [9.33035458175122, 11.378050108875613], [9.465635977156712, 11.558425171455923], [9.679831437823525, 11.671159634803747], [9.84893323131552, 11.626065967628927], [10.018035024807514, 11.524604970309937], [10.074402158011168, 11.456964174136932], [10.243503951503163, 11.513331504281103], [10.423879014083473, 11.569698637484755], [10.525340208342978, 11.468237640165768], [10.615527739633135, 11.344229710789108], [10.739535669009793, 11.231495247441286], [10.840996666328783, 11.175127917297115], [10.976278061734273, 11.130034250122296], [11.145379855226269, 11.084940386006958], [11.303207985748912, 11.028573252803305], [11.472309779240907, 10.927112058543798], [11.573770776559895, 10.882018391368979], [11.731599104023056, 10.870744925340146], [11.889427431486215, 10.836924527253643], [12.024708826891708, 10.78055739404999], [12.205083889472018, 10.712916597876985], [11.94579456468987, 10.927112058543798], [11.810513169284379, 11.073666919978125], [11.675231773878886, 11.231495247441286], [11.562497310531063, 11.366776642846776], [11.472309779240907, 11.558425171455923], [11.449762847183239, 11.716253498919084], [11.438489381154405, 11.896628758439912], [11.48358324526974, 12.088277287049054], [11.607591174646398, 12.30247274771587], [11.776692968138391, 12.539215337380869], [11.934521098661035, 12.742137332018848], [12.193810423443185, 12.899965659482008], [12.554560745544325, 12.95633279268566], [12.937857999703132, 13.057793986945168], [13.230967722571783, 12.990153190772164], [13.467710115296265, 12.888692193453172], [13.681905772903598, 12.730863865990013], [13.83973390342624, 12.606855936613357], [13.918648165628078, 12.460301075179029], [14.121570160266057, 12.505394939294366], [14.347039086961706, 12.482848007236697], [14.561234744569035, 12.38138700991771], [14.80925060332235, 12.223558682454549], [15.01217259796033, 12.065730354991388], [15.091086663221652, 12.009363221787735], [15.298670042962376, 11.928572116456522], [15.479045105542689, 11.838384585166366], [15.625599966977015, 11.759470519905044], [15.79470176046901, 11.624189124499551], [15.986350289078155, 11.432540398949891], [16.099084752425977, 11.274712268427248], [16.245639613860305, 11.026696409673931], [16.380921009265798, 10.767407084891781], [16.403467941323466, 10.643399155515123], [16.459835271467632, 10.429203497907794], [16.527475870700123, 10.282648636473466], [16.51620240467129, 10.102273573893156], [16.504928938642454, 9.910624848343494], [16.4485618054388, 9.775343452938001], [16.36964754323696, 9.583694924328857], [16.268186545917974, 9.43714006289453], [16.51620240467129, 9.59496839035769], [16.7303978653381, 9.61751532241536], [16.922046590887764, 9.583694924328857], [17.079874918350924, 9.51605432509637], [17.22642977978525, 