{"name": "Rock hyrax", "scale": 0.0236051562678458, "slice_polygons": [[[[[11.221207684408407, 1.755326630389554], [10.960557188383227, 1.6575828714187835], [10.66732543936779, 1.6901641244090402], [10.406674943342608, 1.7987683797270844], [10.232907945992489, 2.081139632395249], [9.98311794631458, 2.439534123442763], [9.755048703279657, 2.797928378438715], [9.624723691318628, 3.1237416164959724], [9.570421445633825, 3.5038568641864702], [9.543137425761635, 3.8905983152929156], [9.57626136129449, 4.1898059456691215], [9.467657105976446, 4.352712446671968], [9.283029612279051, 4.1355036999843175], [9.283029612279051, 3.777109444988366], [9.239587862941523, 3.440435946635398], [9.304750604973599, 3.0603206989448997], [9.52195935166125, 2.7345076969392053], [9.717447105654355, 2.4195549552292213], [9.891214103004474, 2.07202096052898], [10.043260107660048, 1.6919059488900448], [10.108422849692126, 1.4203949565175906], [9.869493110309929, 1.1814654531869564], [9.53281961195696, 1.1163027111548798], [9.09840235463322, 1.0728609618173495], [8.66398486125792, 1.1814654531869564], [8.294730109914696, 1.3226509614952573], [7.968917107909, 1.5615807008774543], [7.686545619189273, 1.8548124498928922], [7.349872120836306, 2.0394397075387234], [7.0240591188306105, 2.1046024495708], [6.546199876117779, 2.1589044592040403], [6.100922122446767, 2.3978341985862377], [5.775109120441073, 2.636763701916872], [5.492737867772909, 2.97343720026984], [5.3655575347298825, 3.273576054060812], [5.387278527424429, 3.5776682994235225], [5.452441033404943, 3.8600395520916875], [5.669649780092593, 4.1206900481168685], [5.995462782098288, 4.3053175418142615], [6.3755780297887865, 4.500805295807367], [6.7339725208363, 4.6637117968102135], [7.0489250264947225, 4.913501796488122], [7.309575522519903, 5.152431299818756], [7.287854529825356, 5.369640046506406], [7.092366775832252, 5.282756547831346], [6.842576776154344, 5.065548037195258], [6.614507769170984, 4.859199550803318], [6.201811032438666, 4.5985492908297], [5.789114531757911, 4.348759291151792], [5.506743279089746, 4.1749922938016715], [5.159209284389505, 4.142411040811415], [4.909419284711597, 4.207573546791929], [4.637908528390706, 4.468224042817109], [4.409839285355782, 4.859199550803318], [4.138328292983329, 5.163291796166029], [3.8125152909776334, 5.4673840415287405], [3.606167040637256, 5.836638792871964], [3.432400043287135, 6.227614536909735], [3.454121035981682, 6.509985789577901], [3.530144038309469, 6.900961533615671], [3.454121035981682, 7.3245185306437], [3.312935291621818, 7.791517277009258], [3.150028790618971, 8.269376283670528], [3.0234534577310903, 8.676351366575082], [2.936111310869746, 9.154735351911748], [2.9143905542267623, 9.610873601930033], [2.9252510505740354, 10.132174593980395], [2.979553060207276, 10.544871094661149], [3.0338553058920796, 10.979288588036452], [3.1641805539046692, 11.391985088717206], [3.500854052257638, 11.793821093050688], [3.715661682449723, 11.97289452952982], [4.108227469813697, 12.185490120528046], [3.858437470135789, 12.37011761422544], [3.619507966805154, 12.739372365568665], [3.478322222445291, 13.130348109606436], [3.456601465802307, 13.553905106634462], [3.532624468130094, 13.944880614620674], [3.6518097347452003, 14.226413412138204], [3.8808800724574435, 14.56609019452313], [4.174111821472881, 14.92448444951908], [4.60852907879662, 15.348041446547107], [5.097248817856724, 15.69557544124735], [5.4990848221902064, 15.858481942250197], [5.748874821868114, 15.869342438597469], [5.987804561250311, 16.053969932294866], [6.389640565583792, 16.238597189940695], [6.802337066264547, 16.35806194160601], [7.225894063292576, 16.271178442930953], [7.660311556667877, 15.999667686610062], [7.996985055020844, 15.728156694237606], [8.290216804036284, 15.39148319588464], [8.398821059354328, 15.0982514468692], [8.344519049721086, 14.783298941210779], [8.301077300383556, 14.555229698175856], [8.311937560679267, 14.327160691192494], [8.45312330503913, 14.01220794948251], [8.659471555379508, 14.099091448157571], [9.039586803070007, 14.294579202150674], [9.626050301100882, 14.500927688542614], [9.940054823683587, 14.512201275124575], [10.206661136686707, 14.48076227564612], [10.489032389354872, 14.654529272996239], [10.793124634717582, 14.828296034294798], [11.162379386060808, 14.926040029317132], [11.477332127770792, 14.96948177865466], [11.68368037811117, 14.763133528314283], [11.694540874458443, 14.415599533614042], [11.759703380438957, 13.948600787248486], [11.748842884091683, 13.383858281912154], [11.705401134754153, 12.9711617812314], [11.672819881763896, 12.515023295161553], [11.64023862877364, 12.080606037837814], [11.607657375783383, 11.67876979745277], [11.59679687943611, 11.374677788141621], [11.694540874458443, 11.016283297094107], [11.955191134432061, 11.07058554277891], [12.107237375139198, 11.363817291794348], [12.12895813178218, 11.743932539484845], [12.161539620824001, 12.221791546146115], [12.194120873814258, 12.667069535868688], [12.107237375139198, 13.112347289539702], [12.052935129454394, 13.601067028599806], [11.998632883769591, 14.057205278618092], [11.976912127126607, 14.426460029961316], [11.976912127126607, 14.752273031967011], [12.270143876142045, 14.839156530642072], [12.715421629813058, 14.784854284957266], [13.041234867870314, 14.643668776648965], [13.312745624191207, 14.43732052630859], [13.692860871881704, 14.469901779298844], [13.996953117244415, 14.448180786604299], [14.335517860717564, 14.39923006589698], [14.75907485774559, 14.203742311903877], [15.095748356098557, 14.008254557910773], [15.182631854773618, 14.22546306854686], [15.204352611416601, 14.540415810256844], [15.258654857101405, 14.909670561600068], [15.399840601461271, 15.278925312943294], [15.71479310711969, 15.626459307643534], [16.11662911145317, 15.930551553006245], [16.58362785781873, 16.136899803346623], [17.213533105187135, 16.147760299693896], [17.69139234789997, 15.973993302343775], [18.1692515906128, 15.854528550678458], [18.647110597274068, 15.626459307643534], [19.048946837659113, 15.289785809290567], [19.38562033601208, 15.039995809612657], [19.754875087355305, 14.5729970632471], [19.95036284134841, 14.149440066219071], [20.048106836370742, 13.617278813873], [20.113269342351256, 13.193721816844972], [20.069827593013727, 12.824467065501748], [19.95036284134841, 12.520374820139034], [19.798316836692834, 12.40091006847372], [19.591968586352458, 12.368328815483462], [19.80917733304011, 12.324887066145932], [20.048106836370742, 12.270584820461128], [20.352199081733456, 12.031655317130493], [20.667151587391878, 11.640679573092722], [20.916941587069783, 11.07593683170483], [21.07984808807263, 10.674100827371348], [21.11242957711445, 9.913870331990353], [21.02554607843939, 9.229662838937143], [20.99296458939757, 8.643199340906268], [21.078051499629083, 8.254259305545036], [21.090573798977616, 7.6395562509162485], [20.981969307608008, 6.987930010853296], [20.743039804277373, 6.423187269465405], [20.493249804599465, 5.977909515794393], [20.28690155425909, 5.478329516438577], [20.08055330391871, 4.924447271397958], [19.809042311546257, 4.555192520054734], [19.537531555225364, 4.294542024029553], [19.146555811187593, 4.207658525354493], [18.80746774139999, 4.108019272335413], [18.50337549603728, 4.216623527653458], [18.144981241041325, 4.422971777993835], [17.87347024866887, 4.651041021028759], [17.580238499653436, 4.79222652933706], [17.319588003628255, 4.86824976771641], [17.091518996644893, 5.009435276024711], [16.885170746304514, 5.150621020384575], [16.624520250279332, 5.2483650154069075], [16.972054008928012, 5.031156268719258], [17.265285993995015, 4.846528775021864], [17.580238499653436, 4.66190128132447], [17.94949325099666, 4.455553030984093], [18.242725000012097, 4.118879532631125], [18.481654739394294, 3.717043528297643], [18.42735249370949, 3.3586490372501285], [18.188422990378857, 3.01111527860145], [17.988561673032446, 2.78569028517165], [17.679958482306947, 2.569223920648623], 