{"name": "Spotted hyena fiber stained", "scale": 0.0528070261226852, "slice_polygons": [[[[[3.3022213697994713, 29.899350864350684], [3.4878079666158204, 31.118919099319132], [3.8324688647133627, 32.17941356107666], [4.336203536021838, 33.39898179604511], [4.999012508611505, 34.37993937119717], [5.635309185666018, 35.25484670806807], [6.377655044861153, 36.15626686854441], [7.385124915548363, 36.84558813666923], [8.419106553700468, 36.84558813666923], [9.347039009711951, 36.421390880036476], [9.903798800160997, 35.75858190744681], [10.115897692512501, 35.042747815716574], [10.221946874653122, 34.32691425205659], [10.407533471469472, 33.87620417181843], [10.672656954891288, 34.43296396226747], [10.381021175934317, 35.095772934857145], [10.168922283582813, 35.732069611911655], [9.983335686766463, 36.47441547110679], [10.168922283582813, 37.24327362583708], [10.733309520885019, 37.688537189400954], [11.50216820368557, 37.980173496428186], [12.430100659697054, 37.95366120089303], [13.278496229103071, 37.76807460407667], [14.073866679368516, 37.63551259833064], [14.789700243028495, 37.79458689961183], [15.903219295856326, 37.71505001300637], [16.725102569727188, 37.47643829704945], [17.334886423176282, 36.97270362574097], [17.60001043466836, 36.362919772291875], [17.78559650341445, 35.541036498421015], [17.46744842892232, 34.984276707971965], [17.06976293975447, 34.533566627733805], [16.566028268445997, 34.162393962171365], [16.11531818820783, 33.97680736535502], [15.92973159139148, 33.63214646725747], [15.63809581243451, 33.04887490934354], [15.479021511153318, 32.73072630678115], [14.975286839844845, 31.85581896991024], [14.524576759606678, 31.219522292855725], [14.153403565973983, 30.795324508152717], [13.729206309341235, 30.39763901898486], [12.589174960978246, 29.33714455722734], [13.649668894665506, 30.106003240027896], [14.657138765352716, 30.76881221261756], [15.558558925829045, 31.617207782023577], [16.539515972910838, 32.836776016992026], [17.46744842892232, 33.84424535960898], [18.31584399832834, 34.586591746874376], [18.97865297091801, 35.06381412264769], [19.694486534577987, 35.32893760606951], [20.27775862056219, 35.30242531053435], [20.993592184222166, 34.904739821366505], [21.470814559995485, 34.851715230296186], [22.131793769130002, 34.69570954530299], [22.715065855114204, 34.351049175275705], [23.033213929606333, 33.979875981643005], [23.669510606660843, 33.900339095037545], [24.385344170320824, 33.608702788010305], [25.074665438445646, 33.211017826912716], [25.551887814218965, 32.99891893456122], [26.108647604668015, 33.343579304588495], [26.77145657725768, 33.71475249822119], [27.40775272624193, 33.82080168036181], [27.991024812226133, 33.900339095037545], [28.25614829564795, 34.37756147081086], [28.60080919374549, 34.801759255513865], [29.184080751659433, 34.98734585233022], [29.79386513317879, 35.19944421661146], [30.297599804487266, 35.41154310896297], [30.827847299401153, 35.59712970577931], [31.46414344838541, 35.38503081342781], [32.2064898356508, 34.88129614211934], [32.86929880824047, 34.37756147081086], [33.558620076365294, 33.68824020268604], [33.876768150857416, 33.13148041223699], [34.35399052663074, 32.521696558787895], [35.04331179475556, 31.911912177268537], [35.658189413944456, 31.34928552621726], [36.08238719864746, 30.76601344023306], [36.665659284631666, 30.156229058713702], [37.22241854701045, 29.811568688686418], [37.77917833745949, 29.22829660270222], [38.07081411641647, 28.671537340323432], [38.07081411641647, 28.194314964550113], [38.495011901119476, 27.90267865752288], [38.495011901119476, 28.512463039042238], [38.15035100302193, 29.042710005885873], [37.6201040361783, 29.652494387405223], [37.116369364869826, 30.209254177854273], [36.79822076230744, 30.7395011446979], [36.74519617123713, 31.296260407076687], [36.480072687815316, 31.906044788596045], [36.05587490311231, 32.48931687458025], [35.870288306295954, 33.06018459012823], [35.658189413944456, 33.74950585825305], [34.99538044135479, 34.041141637210025], [34.35908429237053, 34.25324052956153], [34.040935689808144, 34.86302491108089], [33.66976302424571, 35.7379322479518], [33.72278761531602, 36.5333032262875], [34.30605917322996, 37.27564908548264], [35.19130823809674, 37.767786277714045], [36.278314995389415, 37.79429857324921], [37.232759746936054, 37.688248863038325], [38.02813072527176, 37.52917508982739], [38.95606318128324, 37.66173656750317], [39.883995637294724, 37.71476168664374], [40.83844038884136, 37.44963767515166], [41.42171247482557, 36.91939070830803], [41.315663292684945, 36.15053255357774], [40.944490099052246, 35.40818616631235], [40.78541579777106, 34.90445149500387], [40.9710023945874, 34.294667113484515], [41.10356440033344, 35.03701350074991], [41.23612587800922, 35.726334768874736], [41.42171247482557, 36.30960632678867], [41.686835958247386, 36.78682870256199], [42.270108044231584, 36.9989275949135], [43.091990790032185, 37.07846500958922], [44.01992324604367, 36.866366117237725], [44.68273221863333, 35.91192136569108], [45.61066520271508, 34.533278301371176], [46.36469884100195, 33.412002952546445], [46.868433512310425, 32.51058279207012], [47.372168183618896, 31.76823693287498], [47.557754780435246, 31.078915664750156], [47.66380396257586, 30.6812301755823], [48.08800174727888, 30.23052009534414], [48.48568723644673, 29.35561223040297], [48.512199531981885, 28.215580882039976], [48.37963805430611, 26.996012647071527], [48.03497715620856, 25.935518185314002], [48.27122681388702, 25.17445698799073], [48.297739109422174, 24.03442563962774], [48.32425140495733, 23.106492655545996], [48.112152512605824, 22.33763450081571], [47.475855835551314, 21.86041212504239], [46.733509976356174, 21.83389982950723], [46.04418870823135, 21.939949011647855], [45.48742944585257, 22.178560199534513], [45.06323166114956, 22.788344581053874], [44.824620473262904, 23.82232674727624], [44.639033876446554, 24.644209493076836], [44.29437297834901, 25.65167936376405], [44.02924949492719, 26.341000631888875], [44.00273719939204, 27.00380960447854], [44.16181150067323, 27.613593457927635], [44.18832379620839, 28.276402430517305], [44.2413483872787, 28.96572369864213], [44.267860682813854, 29.495971193556024], [44.18832379620839, 30.344366234891773], [43.870175193646, 31.033688031086864], [44.05576179046235, 30.238317052751153], [44.00273719939204, 29.522483489091172], [43.97622490385689, 29.018748817782704], [44.02924949492719, 28.59455103307969], [44.00273719939204, 27.958254356025183], [43.817150602575694, 27.374982270040974], [43.499002528083565, 26.844735303197346], [42.91573044209937, 26.341000631888875], [43.33992822680237, 26.102389444002213], [43.870175193646, 25.65167936376405], [44.34739809748959, 25.147944164385315], [44.55949646177083, 24.45862289626049], [44.74508305858718, 23.742789332600513], [44.692058467516866, 23.15951777468657], [44.34739809748959, 22.2846099097454], [43.73761371597023, 21.43621434033938], [42.95799877001875, 20.75208189060137], [42.162627791683036, 20.513470702714713], [41.4202819324879, 20.40742099250383], [40.75747295989824, 20.2483472192929], [39.40534271918374, 20.11578521354686], [39.29929353704313, 19.373439354351728], [39.20559222182077, 18.952954431655403], [38.80790726072318, 18.528756646952395], [38.86093185179349, 18.104558862249387], [39.020006153074675, 18.50224435141724], [39.28512963649649, 18.97946672719056], [39.444203937777694, 19.377152216358414], [39.73583971673466, 19.562738285104498], [40.16003750143767, 19.880886887666886], [40.716796763816454, 20.092985780018388], [41.406118031941276, 20.092985780018388], [41.98939011792548, 20.092985780018388], [42.65219909051515, 19.933911478737198], [42.8908102784018, 19.50971369403419], [42.599174499444835, 18.79388013037421], [42.38707560709334, 17.998509680108764], [42.38707560709334, 17.022543425065827], [42.38707560709334, 16.14485474212903], [42.4666124936988, 15.0313356893012], [42.59295330369733, 14.2170798622835], [42.752742612112215, 