{"name": "Spotted hyena cell stained", "scale": 0.0534345497699682, "slice_polygons": [[[[[25.535404169716998, 1.990732471991546], [24.563717187279035, 1.809952703209789], [23.989420279752842, 1.809952703209789], [23.384897584803767, 1.9006311341694255], [22.84082699904595, 2.112213783511578], [22.357208522479393, 2.4144753981588645], [21.903816367681213, 2.8376412311886674], [21.601555287379423, 3.5328423570973784], [21.662007396570683, 4.228044017351587], [21.843364258489956, 4.741888281341026], [21.873590580258334, 5.527767838209374], [21.813137936721574, 6.313647929423219], [21.752685827530318, 7.069301164523187], [21.72245950576194, 7.643598072049382], [21.48065053465141, 7.734276503009019], [21.389972103691772, 7.099527486291566], [21.26906735096376, 6.222969498463582], [21.087710489044486, 5.346410976290101], [20.81567519616558, 4.5907577411901315], [20.452961472327033, 3.9257824027043013], [19.939117208337596, 3.3817118169464844], [19.33459451338852, 3.0794507366446955], [18.548714956520172, 2.9283196621483034], [17.853513296265962, 2.9585459839166814], [17.128085848588874, 3.2003549550272115], [16.432884722680164, 3.5328423570973784], [15.919040458690725, 4.167591373814831], [15.647005165811816, 4.953471465028676], [15.677230953234695, 5.648672590937387], [16.00971888965036, 6.222969498463582], [16.432884722680164, 6.827492193412658], [16.64446790636781, 7.432014888361733], [16.311979969952148, 7.280884348210839], [15.919040458690725, 6.736813762453022], [15.344743551164528, 6.132291067503946], [14.83089928717509, 5.860255774625038], [14.045019195961245, 5.890481562047918], [13.289365960861275, 6.04161263654431], [12.6848432659122, 6.615909009725008], [12.503486403992927, 7.099527486291566], [12.6848432659122, 7.824954933968655], [13.077782777173626, 8.580608703414123], [13.410270179243792, 9.306035616745714], [13.742758115659457, 10.001237276999923], [14.045019195961245, 10.847568943059528], [14.105471839498001, 11.633449034273374], [13.89388865581035, 10.968473695787543], [13.531174931971806, 10.273272569878833], [13.198687529901639, 9.608297231393001], [12.71506905333508, 9.124678754826443], [12.291903220305278, 8.580608703414123], [11.989641605657992, 7.824954933968655], [11.626927881819446, 7.22043223901958], [11.113083617830007, 6.79726587164428], [10.417882491921297, 6.615909009725008], [9.722680831667088, 6.676361653261764], [8.906574953030363, 6.978622733563552], [8.181147505353273, 7.462241210130111], [7.489352831992397, 8.08176405189061], [6.915055924466202, 8.716513068608066], [6.4918900914363995, 9.290809976134259], [6.219854798557491, 9.895332671083334], [5.9175931839102045, 10.499855900377908], [5.7060100002225544, 11.13460491709536], [5.433974707343646, 12.011162904923344], [5.065905238581657, 12.572460789527], [4.733417836511491, 13.237435593667332], [4.612513083783477, 13.872184610384785], [4.3707041126729465, 14.446481517910978], [4.098668819794038, 15.171908965588068], [3.796407205146751, 15.86711009149678], [3.554598234036221, 16.622763860942246], [3.4941461248449626, 17.408643417810595], [3.4941461248449626, 18.375879836598216], [3.4639198030765845, 19.554699439073485], [3.947538279643144, 20.491710070438224], [4.5822872963605965, 21.428720701802963], [5.217035778732552, 22.154147615134555], [5.882011117218383, 22.5168613389731], [6.533347821220928, 22.65029489058568], [7.289001590666394, 22.408485919475147], [8.014429038343483, 21.985319552099845], [8.77008280778895, 21.53192739730167], [9.314153393546768, 21.078535242503484], [10.19071138137475, 20.594917300282425], [10.765007754555448, 20.262429363866758], [11.188174121930748, 19.899715640028216], [11.64156627672893, 19.7788114216457], [11.520661524000916, 20.111298823715867], [11.097495690971112, 20.47401254755441], [10.855686185515085, 20.685595731242064], [10.523198783444917, 21.078535242503484], [10.130259272183492, 21.38079685715077], [9.676867117385312, 21.65283215002968], [9.223474962587131, 22.10622430482786], [9.193248640818753, 22.65029489058568], [9.253700750010012, 23.28504390730313], [9.676867117385312, 23.950019245788962], [10.069806628646738, 24.52431561896966], [10.492972996022036, 25.007934095536218], [10.855686185515085, 25.4613262503344], [11.157947800162372, 26.035622623515096], [10.583651426981673, 25.552004681294033], [9.948902410264221, 25.0381598829591], [9.404831824506404, 24.82657723361695], [8.679404376829314, 24.82657723361695], [8.135333791071497, 25.098612526495852], [7.712167423696197, 25.43109992856602], [7.681941636273316, 26.15652737624311], [7.409906343394409, 26.972633254879835], [7.409906343394409, 27.909643886244574], [7.409906343394409, 28.846653983263817], [7.742393745464575, 29.692986183668918], [8.256238009454014, 30.388187309577628], [8.983215059074432, 30.905130777453728], [9.708642506751522, 31.600332437707937], [10.282939414277717, 32.114176701697374], [10.736331569075897, 32.446664103767546], [10.524748385388246, 32.65824728745519], [10.162034661549702, 32.869829936797345], [10.010904121398807, 33.41390052255516], [10.131808339781324, 34.19978061376901], [10.675878925539141, 34.95543384886898], [11.37108058579335, 35.43905232543554], [12.187186464430075, 35.7715397275057], [12.85216126857041, 35.952896589424974], [13.849624009126407, 35.83199237104246], [14.605277778571873, 35.952896589424974], [15.209800473520948, 36.164479773112625], [15.965454242966416, 36.31561031326352], [17.05359541448205, 36.13425345134424], [18.141736585997684, 35.711087618314444], [18.836937711906394, 35.16701703255663], [19.532138837815104, 34.86475541790934], [20.076209423572923, 34.32068483215153], [20.499375256602725, 33.62548370624281], [21.043445842360544, 32.96050836775698], [21.28525534781657, 32.386211994576286], [21.315481135239448, 31.902593518009727], [21.28525534781657, 31.267844501292274], [21.103898485897297, 30.78422655907121], [20.650506331099116, 30.663321806343195], [20.045983636150044, 30.75400023730283], [19.743722021502755, 31.086487639373], [19.89485256165365, 31.600332437707937], [19.86462677423077, 32.14440248912025], [19.501913050392226, 31.691010868667576], [18.897389821097654, 31.086487639373], [18.383545557108214, 30.542417053615182], [18.20218869518894, 30.33083440427303], [18.867164033674772, 30.512191266192303], [19.381008297664213, 30.451738622655547], [19.98553099261329, 30.451738622655547], [20.650506331099116, 30.300608082504656], [20.922541623978024, 30.149477542353758], [20.74118476205875, 29.998346467857363], [21.224802704279817, 29.998346467857363], [21.768873290037632, 30.270381760736274], [22.49430073771472, 30.572643375383564], [23.068597645240914, 31.02603553018174], [23.64289455276711, 31.63055822513082], [24.247417247716186, 32.114176701697374], [24.82171415524238, 32.416437781999164], [25.456463171959832, 32.47689042553592], [25.849402683221257, 32.20485513265701], [26.181890085291425, 31.600332437707937], [26.33302115978782, 31.02603553018174], [26.33302115978782, 30.240155973313396], [26.30279483801944, 29.33337166371703], [26.24234272882818, 28.54749157250319], [26.605056452666727, 27.88251676836286], [26.937543854736894, 28.154552061241766], [27.118900716656164, 28.698622646999578], [27.179352825847424, 29.42405009467667], [27.179352825847424, 30.240155973313396], [27.149127038424542, 30.995809208413363], [27.421162331303453, 31.75146297785883], [27.904780273524516, 32.26530724184827], [28.5516461087478, 32.3322933277854], [29.21662144723364, 32.18116225328901], [29.79091835475983, 31.9091269604101], [30.153632078598374, 31.39528269642066], [30.78838109531583, 30.911664754199602], [31.483582221224538, 30.548951030361057], [32.20900966890163, 30.307141524905028], [32.692628145468184, 30.367594168441784], [32.63217550193143, 30.73030789228033], [32.239235990670004, 31.244152156269767], [32.08810491617361, 32.12071014409775], [32.08810491617361, 32.9065897009661], [32.511271283548915, 33.81337401056246], [32.91664234281432, 34.5597643664598], [33.521165037763396, 35.46654867605617], 