{"name": "Squirrel Monkey", "scale": 0.0265741538875768, "slice_polygons": [[[[[1.2590281369533036, 14.215064467967235], [1.4598421086017108, 14.817506117170918], [1.7519348442139393, 15.34692438316539], [2.190074080503051, 15.949365766627537], [2.6829807877636864, 16.46052838612586], [3.3584455544350416, 16.843900151443446], [3.8513522616956775, 16.971690739882643], [4.27123585148864, 17.17250471153105], [4.873677234950784, 17.37331841743792], [5.384839854449107, 17.391574329675606], [5.713444148795173, 17.24552782899872], [5.987281237911251, 16.935179181148804], [5.859490649472055, 16.53355150359353], [5.731700061032859, 16.29622597321129], [5.5308860893844525, 16.040644796332895], [5.257049266009911, 15.693784589749145], [5.111002765333027, 15.401691588395376], [4.964956264656145, 15.054831381811624], [5.1840258828007, 15.34692438316539], [5.311816471239896, 15.584249647806095], [5.622165119089812, 16.022389149836744], [5.841234737234369, 16.25971441447745], [5.932513766939728, 16.497039944859697], [6.151583385084284, 16.734365475241937], [6.461932298675738, 16.898667622414973], [6.82704815175564, 16.989946652120327], [7.192164270577078, 16.935179181148804], [7.53902447716083, 16.55180741583122], [7.8876659492796675, 16.081346567651725], [8.21627024362573, 15.67971889009645], [8.490107332741811, 15.259835300303486], [8.672665392152531, 14.85820762274821], [8.928246569030923, 14.456579945192935], [9.074293069707807, 14.073208179875346], [8.836967539325563, 13.817627002996954], [8.636153833418694, 13.635068943586235], [8.398828303036451, 13.598557384852398], [8.453595774007974, 13.324720295736318], [8.417084215274139, 13.014371647886403], [8.234526155863419, 12.758790205266472], [8.161502772654208, 12.48495338189193], [7.978944978985026, 12.357162527711194], [7.7598750950989315, 12.338906881215047], [7.7598750950989315, 11.992046674631295], [7.924177508013503, 11.663442114543692], [8.252781802359568, 11.59041899707602], [8.252781802359568, 11.95553485015592], [8.526618891475648, 12.338906881215047], [8.800455980591726, 12.649255529064963], [9.12906054067933, 12.95960417691488], [9.421153276291557, 13.342975942232467], [9.85929251258067, 13.908906032702314], [10.096618042962913, 14.365300915487575], [9.932315895789882, 14.76692859304285], [9.895804071314506, 15.150300624101979], [10.187897072668274, 15.40588180098037], [10.66254786769122, 15.570183948153401], [11.009408074274974, 15.898788508241003], [11.3927801053341, 16.336927744530115], [12.03173331327162, 16.720299775589243], [12.488128196056879, 16.902857569258423], [12.981034903317516, 16.738555422085394], [13.455685964082003, 16.610764833646193], [13.930336759104952, 16.829834451790752], [14.404987554127898, 16.55599736267467], [14.82487114392086, 16.154369685119395], [15.080452320799251, 16.063090655414037], [15.427312527383005, 15.606695772628777], [15.938475146881327, 15.588439860391087], [16.303591265702767, 15.387625888742681], [16.321846912198918, 14.83995197625206], [16.358358470932753, 14.493091769668311], [16.613939913552684, 14.03669662114151], [16.94254420789875, 13.744603619787744], [17.198125650518676, 13.324720295736318], [17.508474298368597, 12.850069234971832], [17.800567033980823, 12.39367435218657], [18.183938799298414, 12.174604734042015], [18.603822389091373, 11.900767644925937], [18.950682595675126, 12.028558233365132], [18.950682595675126, 12.39367435218657], [18.695101418796735, 12.265883763747375], [18.36649685870913, 12.338906881215047], [18.165683152802263, 12.649255529064963], [18.092659769593052, 13.050883206620238], [17.946613534657708, 13.361231854470153], [17.873590151448496, 13.616813031348546], [17.721676077593234, 13.720124306451122], [17.47613249012126, 13.912533670449507], [17.334362833771042, 14.146900434537908], [17.450242354954746, 14.521486784580262], [17.86099772288733, 15.178695904755472], [18.148526613310906, 15.671602612016104], [18.43605550373448, 16.06182041085821], [18.764660063822085, 16.534189283286832], [19.237028936250702, 16.944944651219412], [19.688860239588852, 16.965482486051428], [20.14069127718546, 16.452037943958775], [20.51037124119555, 15.918055832775654], [20.777362296787114, 15.548375868765563], [21.023815783288203, 15.199233473845945], [20.818437966451143, 15.568913703597575], [20.571984745691594, 15.979669071530155], [20.161229112017473, 16.493113613622803], [19.771011313175368, 16.965482486051428], [19.771011313175368, 17.17086030288849], [20.03800236876693, 17.35570028489353], [20.489833406363537, 17.417313789389574], [21.023815783288203, 17.335162450061517], [21.516722490548837, 17.273549211307017], [22.00962919780947, 17.211935972552514], [22.523073474160583, 17.068171394469957], [22.851678034248188, 16.739567100123892], [23.303509071844793, 16.369886870372262], [23.673189301596423, 16.06182041085821], [23.816953613937443, 15.753753685602621], [23.775878210014955, 15.527838033933547], [23.878567118433484, 15.445686960347032], [24.063407100438532, 15.445686960347032], [24.37147382569412, 15.178695904755472], [24.720615954872198, 14.644713527830806], [24.905455936877242, 14.213420059324672], [25.028682680127787, 13.391909057717973], [25.00814484529577, 12.75523777237478], [24.88491810204523, 12.262331330855684], [24.63846488128568, 12.056953514018625], [24.227709247611564, 11.995340009522582], [23.59103822800991, 11.851575697181564], [23.057055851085245, 11.46135789833946], [22.646300217411127, 11.030064429833326], [22.35877132698755, 10.619308796159206], [22.70791372190717, 11.05060226466534], [23.098131520749273, 11.440820063507445], [23.6321136319324, 11.810500027517538], [24.248247082443577, 11.913188935936066], [24.556313807699166, 11.769424623595048], [24.82330486329073, 11.440820063507445], [24.987607010463762, 10.886300117492306], [25.0492205149598, 10.229090997317101], [25.13137158854632, 9.469193234464903], [25.0492205149598, 8.647682232858203], [24.905455936877242, 7.969935543592522], [24.659002716117698, 7.538642075086389], [24.453624899280637, 7.251113184662811], [24.26878491727559, 7.107348872321794], [23.89910468752396, 7.127886441412268], [23.47792454476282, 7.2838777876985], [23.14931998467522, 7.345491292194541], [22.533186534164038, 7.345491292194541], [22.01974225781293, 7.140113475357483], [21.424146642133763, 7.037424566938952], [20.828551026454598, 6.729357841683362], [20.41779539278048, 6.606131098432819], [20.089191098434416, 6.503442190014289], [19.7400487035148, 6.441828951259787], [19.431981978259206, 6.318602208009243], [19.144453087835632, 6.215913299590714], [18.897999867076084, 6.154300060836211], [18.343479921060943, 5.948922243999151], [18.856924197412056, 6.0516111524176806], [19.144453087835632, 6.154300060836211], [19.390906574336718, 6.174837895668224], [19.657897629928282, 6.174837895668224], [19.96596435518387, 6.3596778776732705], [20.10972866752489, 6.462366786091801], [20.41779539278048, 6.585593529342344], [20.849088861286614, 6.729357841683362], [21.424146642133763, 6.914197823688409], [21.752750936479828, 6.955273493352435], [22.081355496567433, 7.119575640525468], [22.512648965073563, 7.304415622530514], [23.210933489171257, 7.263340218608026], [23.539537783517325, 7.242802383776012], [23.929755582359427, 7.078499970861441], [24.25836014244703, 6.914197823688409], [24.073520160441987, 6.400753281595759], [23.78599127001841, 5.846233335580622], [23.231471058261736, 5.250637719901456], [22.63587544258257, 4.613966700299802], [22.081355496567433, 4.018371084620637], [21.485759880888267, 3.6281532857785312], [20.805948911348597, 3.1767360077579525], [20.169277891746944, 2.827593612838335], [19.63529551482228, 2.478451483660257], [18.91647342163411, 2.1293093544821793], [18.1360378239499, 1.9033937028131054], [17.499366538606704, 1.7390915556400732], [16.90377092292754, 1.6158648123895296], [16.3492509769124, 1.3694113258884424], [15.671504287646721, 1.2461848483794378], [15.137521910722057, 1.1845713438833965], [14.603539799538934, 1.225647013547424], [14.172246331032799, 