{"name": "Tail-less Tenrec", "scale": 0.0199185355797032, "slice_polygons": [[[[[9.034538820369349, 3.674115707649598], [9.301891181295444, 3.8268886845070087], [9.543781678190005, 3.9414682677610497], [9.722016519078949, 4.005123525395954], [9.747478781481195, 3.8141575533058854], [9.658361261444046, 3.661384775633831], [9.594705804623784, 3.5849983867978037], [9.581974872608019, 3.5849983867978037], [9.645630130242923, 3.343107889903243], [9.683823324660935, 3.0884864609929146], [9.722016519078949, 2.833865231267942], [9.734747650280072, 2.5792438023576136], [9.836596301518346, 2.3118912422461624], [9.90025155915325, 2.0827320757380803], [9.849327233534114, 1.8408417780288753], [9.683823324660935, 1.637144475552328], [9.518319415787758, 1.5352960234994102], [9.123656340406498, 1.5352960234994102], [9.04726995157047, 1.4843716978802735], [9.098194078004253, 1.4079853090442462], [9.136387272422265, 1.2934057257902052], [9.034538820369349, 1.1533638801339179], [8.80537945467591, 1.0133220344776306], [8.4998338993318, 0.8987424512235898], [8.06697743034717, 0.7587008047526582], [7.723238481399694, 0.6950453479323981], [7.366768600436448, 0.6823142167312751], [7.010298719473202, 0.7077764791335214], [6.539249056070558, 0.7968939991706718], [6.055468460652148, 0.8987424512235898], [5.749922706122683, 1.0387842968798768], [5.317066237138055, 1.2424814001710682], [5.075175939428848, 1.458909634663383], [4.833285641719644, 1.700799932372588], [4.629588538428452, 1.942690230081793], [4.400429172735015, 2.3373535046484086], [4.260387526264084, 2.706554516812778], [4.184001137428056, 3.037562334559133], [4.056690422972891, 3.381301084321256], [3.9930349661526314, 3.521342929977543], [3.776606930845673, 3.8141575533058854], [3.5219855019353448, 4.081510113417337], [3.318288398644153, 4.310669279925419], [3.076397901749593, 4.5652907088357475], [2.9363562552786613, 4.781718943328062], [2.8599698664426336, 5.0363403722383895], [2.8599698664426336, 5.227306344328459], [2.923625124077538, 5.507389836455677], [2.885431929659524, 5.749280134164882], [2.7963144096223735, 5.927515174239183], [2.6308105007491958, 6.105750214313483], [2.2820917187214356, 6.5771289319239035], [2.065663484229121, 7.0609095273423135], [1.95108390097508, 7.481034865125819], [1.9128907065570662, 7.93935339732734], [1.95108390097508, 8.448596255147995], [2.0402014210122306, 8.906914787349514], [2.154781004266271, 9.237922605095871], [2.3839403699597095, 9.683510006096267], [2.7658725133252013, 10.116366475080897], [3.1732667199075846, 10.409181098409238], [3.631585252109104, 10.587415939298182], [3.9625930698554592, 10.625609133716198], [4.344525213220952, 10.523760681663278], [4.688263962983075, 10.409181098409238], [4.866499003057376, 10.332794510387854], [4.879230134258499, 10.129097407096664], [4.99380971751254, 10.320063578372087], [4.99380971751254, 10.511029550462156], [5.133851563168827, 10.676533459335333], [5.42666618649717, 10.829306436192743], [5.694018547423265, 10.829306436192743], [5.808598130677305, 10.791113042589375], [6.050488627571867, 10.880230562626526], [6.305109857296839, 10.982079213864798], [6.712504263064577, 10.943886019446786], [7.285402378520137, 10.854768499409635], [7.832838430758809, 10.663802527319566], [8.112921922886027, 10.523760681663278], [8.15111511730404, 10.370987903991224], [8.138383986102918, 10.269139252752952], [8.08745966048378, 10.129097407096664], [8.354812220595232, 9.976324629424608], [8.813130752796752, 9.81082072055143], [9.15686970174423, 9.670778874895145], [9.564263908326614, 9.594392486059117], [9.857078531654954, 9.4925440340062], [9.895271726072968, 9.365233319551034], [9.933464920490982, 8.448596255147995], [10.035313571729256, 8.575906969603158], [10.07350676614727, 8.728679747275214], [10.048044503745023, 8.983301176185542], [10.00985130932701, 9.237922605095871], [10.022582440528133, 9.454350839588185], [10.1862546408694, 9.561789827022258], [10.555455653033771, 9.6763694102763], [10.911925733182372, 9.803680124731464], [11.166547162092701, 9.90552857678438], [11.255664482944495, 9.943721771202394], [11.29385767736251, 10.121956811276695], [11.472092717436809, 10.414771434605038], [11.726714146347138, 10.554813280261325], [12.057721964093492, 10.720317189134501], [12.363267718622959, 10.834896772388543], [12.821586250824478, 10.936745224441461], [13.1653250005866, 10.949476355642586], [13.521795080735203, 10.949476355642586], [13.636374663989244, 10.834896772388543], [13.763685378444409, 10.91128316122457], [14.120155259407655, 10.91128316122457], [14.527549665175393, 10.809434709171653], [14.985868197376913, 10.554813280261325], [15.342338078340159, 10.351116176970134], [15.558766312832473, 10.16015000569471], [15.72427022170565, 9.969184033604641], [15.889774130578829, 9.81641105674723], [15.97889165061598, 9.498134370202], [15.991622582631745, 9.88006651356749], [16.2589751427432, 9.969184033604641], [16.653638218124456, 9.803680124731464], [16.997377167071935, 9.561789827022258], [17.328384984818292, 9.256244072492793], [17.621199608146632, 8.861580797926178], [17.799434648220934, 8.530572980179823], [17.914014231474976, 8.1868342304177], [18.003460805719904, 7.735186415781822], [18.02892306812215, 7.32779220919944], [18.02892306812215, 6.920398002617057], [17.97799874250301, 6.5766590536695775], [17.876150091264737, 6.271113299140113], [17.799763702428713, 5.9655677437960035], [17.608797730338644, 5.583635600430511], [17.468755884682356, 5.29082097710217], [17.25232765019004, 5.023468416990718], [16.97224415806282, 4.717922861646609], [16.603043145898454, 4.323259587079993], [16.2946665690924, 4.090331634454875], [16.027655014310074, 3.963360132660634], [15.760302653383977, 3.8742426126234832], [15.556605550092787, 3.670545509332292], [15.44202576765339, 3.4668484060411004], [15.429294835637624, 3.2886133659667998], [15.289252989981335, 3.059454000273362], [15.034631561071006, 2.8048327705483898], [14.729086005726899, 2.4865558848178013], [14.38534705677942, 2.231934455907473], [14.041608107831939, 2.0918928094365414], [13.545096381212408, 1.9263889005633639], [12.959467134555721, 1.7608849916901863], [12.399300150301286, 1.6081120148327757], [11.953712550115533, 1.4553392371607212], [11.495394017914014, 1.4298771739438305], [11.177117331368782, 1.4935324315787346], [10.78212500259439, 1.6085818930871008], [10.565696768102075, 1.7868169331614017], [10.451117184848034, 1.8759344531985522], [10.196495755937706, 1.9268587788176892], [10.01826091504876, 2.04143836207173], [9.929143395011609, 2.2833286597809352], [9.852757006175581, 2.576143283109277], [9.84002587497446, 2.881689037638742], [9.789101549355323, 3.1363102673637147], [9.738177223736185, 3.4291248906920564], [9.763639486138432, 3.6328221931686033], [9.84002587497446, 3.785594771655302], [9.929143195826255, 3.900174554094699], [10.171033692720815, 3.887443422893576], [10.41292399043002, 3.8110570340575487], [10.260151212757965, 3.912905685295822], [10.081916172683664, 3.9383677485127127], [9.941874327027378, 4.027485268549863], [9.750908354937309, 4.078409594169], [9.585404446064132, 4.027485268549863], [9.394438473974063, 3.9383677485127127], [9.165279108280625, 3.8110570340575487], [9.034538820369349, 3.674115707649598]]]]]}