{"name": "Treeshrew", "scale": 0.0150591219622325, "slice_polygons": [[[[[1.233177793686234, 5.3515414984073315], [1.2548436536357372, 5.719862774052301], [1.374006485722883, 6.164014710111751], [1.5256681077342837, 6.424006083644326], [1.7423276107766328, 6.738162408233098], [1.9481541838442304, 6.965654991841419], [2.1648136868865797, 7.117316613852819], [2.2731434384077542, 7.084817673337345], [2.413972130444403, 6.911490040785222], [2.565633752455804, 6.694830537742872], [2.7064624444924528, 6.478171034700523], [2.8472911365291016, 6.2290125911427], [2.8906230070193275, 6.044852028615825], [2.923121947534802, 5.882357326038453], [2.923121947534802, 5.654864893021352], [2.9447879580755245, 5.828192525573476], [2.9339548775095534, 6.01235308810035], [2.8906230070193275, 6.196513650627225], [2.8147921960136273, 6.369841283179349], [2.6847964339517296, 6.564834775680975], [2.6197987035120005, 6.694830537742872], [2.4898029414501033, 6.868158170294996], [2.370640259954177, 7.0198197923063965], [2.283976368382506, 7.160648484343045], [2.31647530889798, 7.258145305889468], [2.4789700114753517, 7.4423058684163435], [2.641464563461504, 7.648132441483941], [2.837238871436872, 7.7812510136671476], [3.0430654445044696, 7.889580765188321], [3.2380589370060964, 7.9654117267852405], [3.422219650124191, 7.997910516709496], [3.552215261594869, 8.041242537790941], [3.63887915316654, 8.138739208746145], [3.801373705152692, 8.366231792354466], [4.018033208195042, 8.539559424906589], [4.288857662293587, 8.70205397689274], [4.559681965800914, 8.832049738954638], [4.830506419899461, 8.907880549960339], [5.1338296639222625, 8.940379490475811], [5.426320128561531, 8.940379490475811], [5.632146551037908, 8.886214539419615], [5.740476302559083, 8.756218927948938], [5.772975243074558, 8.604557155346317], [5.837973124105506, 8.431229673385415], [5.892138075161704, 8.290400981348766], [5.978801816142155, 8.106240418821889], [6.011300756657629, 7.9762446567599925], [6.043799697173104, 7.889580765188321], [6.194225115862625, 7.926991991287876], [6.432550478854478, 8.067820683324525], [6.7575397334180005, 8.154484424304977], [6.941700446536096, 8.208649375361174], [7.104194998522248, 8.306146196907596], [7.320854501564597, 8.360310997372574], [7.559180015147669, 8.381977007913298], [7.797505378139521, 8.41447594842877], [8.00333195120712, 8.4794736788685], [8.198325594299964, 8.457807818918997], [8.30665534582114, 8.501139689409221], [8.404152016776344, 8.522805699949947], [8.458316967832541, 8.392809937888048], [8.534147778838241, 8.26281417582615], [8.566646719353715, 8.121985483789503], [8.566646719353715, 8.03532174280905], [8.599145659869189, 7.991989872318824], [8.718308341365114, 7.926991991287876], [8.794139152370816, 7.905325980747152], [8.90246890389199, 7.8294951697414525], [8.945800924973435, 7.959490931803351], [8.999965725438413, 8.11115255381475], [9.086629617010084, 8.230315385901896], [9.162460428015786, 8.327812056857098], [9.184126287965288, 8.490306759434471], [9.173293357990536, 8.685300251936098], [9.173293357990536, 8.77196414350777], [9.075796536444114, 8.869460814462972], [9.021631735979136, 8.945291776059893], [8.956633854948187, 9.07528738753057], [8.934967844407465, 9.183617139051744], [8.913301984457961, 9.346111841629115], [8.956633854948187, 9.476107453099795], [9.05413067649461, 9.562771344671466], [9.20579229850601, 9.551938264105495], [9.357453920517411, 9.508606393615269], [9.465783672038587, 9.400276642094093], [9.541614483044286, 9.270281030623416], [9.530781553069536, 9.161951279102242], [9.660777315131432, 9.183617139051744], [9.80160600716808, 9.15111819853627], [9.931601618638759, 9.086120317505321], [10.115762181165634, 9.010289506499621], [10.267423953768253, 8.988623646550119], [10.440751435729156, 8.956124706034643], [10.60324613830653, 8.858627884488222], [10.744074830343177, 8.793630003457272], [10.895736452354578, 8.696133332502068], [11.079897014881453, 8.609469440930397], [11.20989277694335, 8.533638629924697], [11.339888539005248, 8.392809937888048], [11.437385209960452, 8.306146196907596], [11.556548042047597, 8.165317504870947], [11.643211783028049, 8.067820683324525], [11.751541534549222, 7.948658001828598], [11.838205426120894, 7.861994110256926], [11.881537296611121, 7.840328250307424], [11.989867048132295, 7.807829309791949], [12.152361600118448, 7.764497288710503], [12.304023372721069, 7.6670006177553], [12.509849795197445, 7.5911698067496], [12.68317742774957, 7.4395080341469795], [12.744368965113345, 7.351282812810264], [12.820199926710263, 7.253785991263841], [12.787700986194789, 7.134623309767915], [12.679371234673615, 7.02629355824674], [12.798533916169541, 7.134623309767915], [12.928529678231438, 7.16712225028339], [13.09102423021759, 7.02629355824674], [13.264351862769713, 6.852965925694617], [13.394347624831612, 6.668805363167743], [13.491844295786814, 6.441312779559422], [13.621840057848713, 6.224653276517072], [13.68683793887966, 6.007993773474723], [13.75183581991061, 5.737169469967396], [13.806000620375587, 5.477177945843602], [13.82766663091631, 5.23885258285175], [13.82766663091631, 5.043858939758904], [13.789474739934233, 4.767569379709043], [13.746142718852788, 4.485911995635745], [13.659478977872334, 4.22592062210317], [13.54031629637641, 3.987595108520099], [13.421153464289263, 3.760102675502998], [13.269491842277862, 3.5651090324101515], [13.128663150241215, 3.391781550449248], [13.009500468745289, 3.2834517989280734], [12.95533551768909, 3.1642889668409278], [12.80367389567769, 2.990961334288804], [12.619513333150815, 2.7851349118124262], [12.392020900133716, 2.6226402092350543], [12.218693267581592, 2.503477527739128], [12.077864575544943, 2.4384796467081795], [11.926202953533542, 2.3843146956519825], [11.796207191471645, 2.330149895187005], [11.666211429409747, 2.275984944130808], [11.482050866882872, 2.1676551926096335], [11.297890304355999, 2.07015852165443], [11.070397871338898, 1.9943275600575099], [10.842905287730577, 1.9184967490518097], [10.550414973682527, 1.8426659380461095], [10.268757589609228, 1.788501137581132], [10.030432076026157, 1.7451691164996863], [9.82460565354978, 1.7126703265754317], [9.61877908048218, 1.7018372460094606], [9.434618517955306, 1.7018372460094606], [9.261290885403183, 1.723503256550183], [9.055464312335586, 1.7668351270404092], [8.892969760349432, 1.7776680570151608], [8.719642127797309, 1.7993340675558835], [8.600479295710164, 1.8210000780966062], [8.416318733183289, 1.8426659380461095], [8.253824181197137, 1.831833008071358], [8.102162559185736, 1.8101669975306351], [7.9721667971238395, 1.788501137581132], [7.863837045602665, 1.788501137581132], [7.75550729408149, 1.788501137581132], [7.603845672070089, 1.7993340675558835], [7.4955159205489155, 1.8210000780966062], [7.430518039517967, 1.8534990186120806], [7.365520158487017, 1.9184967490518097], [7.354687228512266, 2.2434860036153337], [7.376353088461769, 2.373481765677231], [7.387186169027741, 2.5143104577138797], [7.387186169027741, 2.6659720797252806], [7.408852028977243, 2.8068007717619294], [7.408852028977243, 2.9476294637985783], [7.408852028977243, 3.0992910858099787], [7.430518039517967, 3.272618718362102], [7.517181780498418, 3.380948469883277], [7.67967648307579, 3.4459463509142254], [7.89633598611814, 3.4892782214044513], [8.069663618670264, 3.4892782214044513], [8.232158170656415, 3.4892782214044513], [8.340487922177589, 3.5001113019704224], [8.058830538104292, 3.5217771619199256], [7.90716891609289, 3.5434431724606483], [7.777173154030994, 3.5326102424858967], [7.647177542560316, 3.4892782214044513], [7.517181780498418, 3.456779280888977], [7.441350969492718, 3.413447410398751], [7.387186169027741, 3.435113420939474], [7.268023336940595, 3.4784452914296997], [7.138027725469917, 3.5217771619199256], [6.986365952867297, 3.5651090324101515], [6.834704330855896, 3.5867750429508747], [6.6830427088444955, 3.5867750429508747], [6.498882146317621, 3.5434431724606483], [6.305352551061943, 