{"name": "Two-toed Sloth", "scale": 0.0335810281160851, "slice_polygons": [[[[[16.235917669930664, 11.713803740181033], [15.93871079545094, 11.635145554783604], [16.277259609454656, 11.664584698891849], [16.556930471052162, 11.5321092220253], [16.763003808189332, 11.370194601050502], [16.7924426164873, 11.149401691859211], [16.74828423613521, 10.840292021963737], [16.763003808189332, 10.531182016257986], [16.763003808189332, 10.25151115466048], [16.733564664081086, 9.98656020092738], [16.659967139620747, 9.839364816196424], [16.468613374537703, 9.721608911383997], [16.247820801156692, 9.64801105111338], [15.953430367505064, 9.633291814869539], [15.570722837338973, 9.64801105111338], [15.129137690576952, 9.662730623167505], [14.790588540762952, 9.692169767275752], [14.525637587029852, 9.751047719681965], [14.363722630244773, 9.751047719681965], [14.555076395327818, 9.64801105111338], [14.790588540762952, 9.633291814869539], [15.114418118522828, 9.618572242815414], [15.526564456986884, 9.618572242815414], [15.909271987152973, 9.603852670761292], [16.262540037400534, 9.486096430138582], [16.424454994185613, 9.353620953272033], [16.645247567566624, 9.118108807836899], [16.807162188541422, 8.838437946239393], [16.910198857110004, 8.455730416073303], [16.939638001218253, 8.190779126529922], [16.910198857110004, 7.866949884580327], [16.89547928505588, 7.484242354414238], [16.777723044433174, 6.998498491489846], [16.689406283728996, 6.748266774000587], [16.54221089899804, 6.4685959124030825], [16.40973542213149, 6.218364194913824], [16.218381657048443, 5.997571621532813], [15.968149939559186, 5.7914982843956455], [15.673759505907558, 5.673742043772938], [15.29105231155175, 5.570705711014634], [14.864186401033571, 5.541266566906387], [14.599235111490188, 5.585424947258477], [14.407881346407144, 5.644303235474971], [14.17236920097201, 5.835657000558016], [13.892698339374503, 6.012290857776656], [13.65718619393937, 6.174205814561734], [13.509990809208416, 6.3361204355365315], [13.406954140639831, 6.556913008917543], [13.259759091719156, 6.910181394975385], [13.156722423150573, 7.204571828627015], [13.038966518338146, 7.454803546116271], [12.862332325309225, 7.749193643957619], [12.641539416117933, 8.102462030015461], [12.921210277715439, 7.6167181670910695], [13.083124898690237, 7.292888925141474], [13.18616156725882, 7.027937635598093], [13.303917807881527, 6.762986346054711], [13.377515332341865, 6.512754628565453], [13.377515332341865, 6.306681291428285], [13.333356616179493, 5.997571621532813], [13.215600711367067, 5.732620331989432], [13.09784447074436, 5.46766904244605], [12.950649421823686, 5.261595705308882], [12.641539416117933, 5.070241940225837], [12.361868890330708, 4.893607747196916], [12.052758884624957, 4.820010222736579], [11.59645382999853, 4.77585184238449], [11.213746635642723, 4.7464126982762425], [10.86047824958488, 4.761132270330366], [10.507209863527038, 4.820010222736579], [10.139221905415072, 4.937766463359287], [9.87427061587169, 5.143839800496456], [9.668197614544804, 5.291034849417129], [9.521002229813849, 5.526546994852263], [9.432685133299387, 5.717900759935309], [9.506282993570006, 5.938693333316319], [9.74179513900514, 6.2625229110761955], [9.87427061587169, 6.453876340348959], [10.021466000602645, 6.71882762989234], [10.198100193631566, 7.027937635598093], [10.4336123390667, 7.351766877547687], [10.124502333360947, 6.969059347381599], [9.933148904088185, 6.704108057838217], [9.800673091411353, 6.483315484457206], [9.712355994896892, 6.350840007590656], [9.594600090084466, 6.159486242507611], [9.417965897055547, 5.923974097072477], [9.197172987864253, 5.7620591402873975], [9.020538794835332, 5.717900759935309], [8.711715571109691, 5.71180613914252], [8.373166757105972, 5.741244947440485], [8.01989837104813, 5.859001188063194], [7.696069129098535, 6.035635381092114], [7.41639826750103, 6.256427954473126], [7.1367274059035255, 6.550818388124755], [6.94537364082048, 6.845208821776384], [6.8717761163601425, 7.05128182310327], [6.857056544306019, 7.330952684700775], [7.018971165280817, 7.7578185952189544], [7.1367274059035255, 8.140526125385044], [7.283922454824198, 8.317160318413967], [7.54887374436758, 8.405477414928425], [7.857983750073332, 8.493794511442887], [8.240690944429142, 8.582111607957348], [8.564520522189017, 8.655709132417684], [8.829471811732398, 8.72930665687802], [9.168020625736117, 8.876501705798695], [8.682276427001444, 8.72930665687802], [8.373166757105972, 8.626269988309437], [8.01989837104813, 8.59683084420119], [7.696069129098535, 8.493794511442887], [7.37223955133866, 8.405477414928425], [7.092569025551435, 8.390757842874303], [6.81289816395393, 8.464355367334639], [6.489068922004336, 8.611550416255314], [6.238836868704795, 8.802904181338358], [6.076922247729999, 8.920660421961067], [5.856129674348987, 9.259209235964784], [5.664775909265943, 9.641916430320592], [5.488141716237022, 9.951026436026345], [5.473422144182898, 10.260136105921816], [5.5175808603452685, 10.672282444385871], [5.5175808603452685, 11.09914835490405], [5.591178384805606, 11.422977932663928], [5.708934625428314, 11.687929222207309], [5.959166342917572, 12.100075560671364], [6.209398060406829, 12.35030727816062], [6.489068922004336, 12.438624374675083], [6.695141923331222, 12.453343946729206], [6.857056544306019, 12.37974642226887], [6.989532356982851, 12.261990181646162], [7.2103249303638615, 12.114795132725488], [6.915934832522514, 12.423904802620958], [6.72458106743947, 12.703575664218464], [6.650983542979133, 13.042124478222183], [6.547946874410549, 13.380673292225902], [6.463942253526755, 13.549143937319803], [6.714173971016014, 13.681619749996633], [6.4345031094185074, 13.62274146178014], [6.287308060497835, 13.755217274456971], [6.243149344335464, 13.931851467485892], [6.125393439523037, 14.167363612921026], [5.992917626846205, 14.388156522112318], [5.875161722033779, 14.550071143087116], [5.742685909356947, 14.756144144414002], [5.639649240788363, 14.932778337442924], [5.566051716328026, 15.124132102525968], [5.536612572219779, 15.34492501171726], [5.566051716328026, 15.580437157152396], [5.66908838489661, 15.948425115264362], [5.816283433817284, 16.316412737566043], [5.8898809582776215, 16.50776650264909], [5.904600530331744, 16.743278648084225], [6.007637198900329, 17.081827462087944], [6.14011267576688, 17.346778751631323], [6.3314664408499235, 17.64116918528295], [6.4345031094185074, 17.773644662149504], [6.522820205932969, 18.126913048207346], [6.596417730393306, 18.40658390980485], [6.6994543989618895, 18.627376818996144], [6.758332351368103, 18.936486488891614], [6.890808164044935, 19.201437778434997], [7.141039881534192, 19.422230351816008], [7.3772998764654725, 19.616862296863744], [7.730568262523314, 19.705179393378202], [8.083836648581157, 19.71989896543233], [8.363507510178662, 19.64630110516171], [8.540141703207583, 19.499106056241036], [8.731495468290627, 19.45494767588895], [8.92284889756339, 19.39606938767245], [9.0406051381861, 19.234154766697657], [9.187800187106772, 19.131118098129072], [9.43803190459603, 19.072240145722855], [9.614666097624951, 19.013362193316645], [9.761861482355908, 18.91032552474806], [9.953215247438951, 18.954483905100147], [10.247605345280299, 19.057520573668732], [10.58615415928402, 19.11639886188523], [10.909983401233614, 19.11639886188523], [11.086617594262533, 19.028081765370768], [11.336849647562072, 19.160557242237317], [11.748995986026129, 19.39606938767245], [12.23473984895052, 19.528545200349285], [12.646886187414577, 19.55798400864725], [13.235667054717835, 19.48438648418691], [13.78028887004844, 19.440228103834823], [14.280752305026956, 19.337191435266238], [14.76649650376163, 19.293033054914147], [15.222801558388056, 19.11639886188523], [15.517191656229404, 19.028081765370768], [15.737984565420694, 18.851447572341844], [16.002935854964075, 18.674813379312926], [16.164850475938874, 18.424581661823666], [16.164651004631864, 18.408812011020352], [16.24997804640287, 