{"name": "Weasel", "scale": 0.0182794587415707, "slice_polygons": [[[[[7.915505761091312, 0.9681748225498692], [7.595046193563199, 1.07185298781866], [7.279299436087837, 1.1943816621201082], [7.071943288344843, 1.3357608454542138], [6.960822275860246, 1.4614010492226521], [6.960822275860246, 1.7677225521816853], [7.012661175700054, 2.0363430370754037], [7.06450025833445, 2.2389865575602332], [7.069212885592614, 2.3426645400344364], [7.017373802958219, 2.1588717113768516], [6.956109648602083, 1.9185269900321196], [6.899557938709522, 1.7394467886326992], [6.814730465267977, 1.5745042862131842], [6.607374317524983, 1.532090640889705], [6.400018169781989, 1.5368032681478692], [6.13139768488827, 1.6546191323965658], [5.984890930582567, 1.7594927742670552], [5.81697984406342, 1.8708521508936413], [5.600198441804098, 2.045219907829485], [5.47674245056069, 2.2148615107076957], [5.396627421582721, 2.3562406940418015], [5.363639030775571, 2.4881946228595777], [5.382489539808228, 2.5918727881283687], [5.47674245056069, 2.709688652377065], [5.603983569325715, 2.822792072162185], [5.740650125401657, 2.935895491947304], [5.910305255079335, 3.02072296538885], [6.051684438413441, 3.1008378115722315], [6.1977762490057104, 3.1621021487229553], [6.2778910951890925, 3.1950905395301064], [6.145937166371316, 3.1715274032392844], [5.990420101262717, 3.1291135751212176], [5.830190408895954, 3.0160103381306853], [5.693523852820013, 2.9217574273782234], [5.552144669485908, 2.8133668176458557], [5.415478113409966, 2.704976025118901], [5.231685101957794, 2.6295738061936835], [5.052604900558372, 2.634286433451848], [4.8688118891062, 2.709688652377065], [4.732145333030259, 2.827504699420349], [4.571915640663496, 3.0348608471633427], [4.421111202813062, 3.2563548766808306], [4.280216425135608, 3.4640839253821523], [4.181250887124982, 3.680865327641475], [4.124699177232422, 3.8552329017827316], [4.039871703790876, 4.029600658718575], [3.9738947393819872, 4.175692469310845], [3.8890672659404415, 4.326496907161279], [3.818377674273389, 4.458450835979056], [3.6958489999719406, 4.679944865496543], [3.6157341537885594, 4.8448873679160585], [3.584389634706038, 4.989461617843603], [3.5372633621243943, 5.18739232827568], [3.5231254803499015, 5.394748476018674], [3.5137000430389853, 5.606817251019834], [3.5137000430389853, 5.833024090590072], [3.484778100623484, 6.044107785559648], [3.484778100623484, 6.270314442335299], [3.5323083492433165, 6.466786634754387], [3.579434804619548, 6.594027936313999], [3.6359865145121075, 6.697705918788203], [3.725526615211818, 6.801384084056994], [3.824491970427857, 6.815521965831486], [3.9046068166112384, 6.834372474864145], [3.857480544029595, 6.909774693789361], [3.744377124244475, 7.027590740832646], [3.7302392424699824, 7.159544669650422], [3.711388733437325, 7.333912426586266], [3.769296413579334, 7.512789177609893], [3.8871124606226184, 7.715432698094721], [4.033204271214888, 7.870949763203321], [4.198146773634403, 8.045317520139164], [4.359939908107332, 8.172116093208055], [4.543732919559504, 8.247518312133273], [4.7982155226787295, 8.327633158316655], [5.033847433970711, 8.384184868209214], [5.283617409831772, 8.43602395084361], [5.585226285532639, 8.47843759616709], [5.825570824082784, 8.464299714392595], [6.075340799943845, 8.403035377241872], [6.310972711235825, 8.337058412832983], [6.537179368011477, 8.238093057616945], [6.706834497689155, 8.153265584175399], [6.7869493438725375, 8.03073690987395], [6.857502387982791, 7.929319730856904], [6.914054097875351, 7.778515293006471], [6.942329861424336, 7.646561364188694], [7.041295216640376, 7.561733890747147], [7.1826743999744815, 7.458055908272944], [7.168536518199988, 7.382653689347728], [7.168536518199988, 7.274262896820772], [7.366467411426654, 7.293113405853429], [7.488996085728102, 7.330814606713331], [7.6492257780948645, 7.316676724938839], [7.785892334170805, 7.34023986122966], [7.884857689386846, 7.330814606713331], [8.002673736430129, 7.368515624778646], [8.134627665247905, 7.48633167182193], [8.192690903583806, 7.579574825273508], [8.272805932561775, 7.631413907907904], [8.381196542294143, 7.678540180489547], [8.499012589337426, 7.697390872316792], [8.630966518155203, 7.720954008607613], [8.767633074231144, 7.730379263123942], [8.923150139339743, 7.6926782450586275], [9.050391440899356, 7.702103499574957], [9.172919932406217, 7.758655209467516], [9.328437180309402, 7.791643600274666], [9.545218582568726, 7.7492297721566], [9.72901141122631, 7.650264416940561], [9.819665827730907, 7.548185704311657], [9.899780673914288, 7.439794911784702], [10.045872484506557, 7.425657030010209], [10.215527431389651, 7.3455421838268276], [10.352193987465592, 7.354967438343157], [10.502998425316026, 7.354967438343157], [10.644377608650132, 7.350254811084993], [10.73391789214443, 7.373817947375813], [10.658515673219211, 7.453932976353783], [10.696216691284528, 7.524622568020836], [10.861159010909455, 7.6424384322695325], [10.946577093662942, 7.756140504328439], [11.007841430813665, 7.888094433146215], [11.064393140706224, 8.038898870996649], [11.116232040546032, 8.14257703626544], [11.201059696782165, 8.227404509706986], [11.398990407214244, 8.302806728632202], [11.572315321028881, 8.36534057419253], [11.765533586997382, 8.450168230428662], [12.0341540718911, 8.530283076612044], [12.326337693075638, 8.549133585644702], [12.594958177969357, 8.544420958386537], [12.924842817219211, 8.492581875752142], [13.221739248456505, 8.426604911343253], [13.447945905232157, 8.36534057419253], [13.644084680323799, 8.248662789045083], [13.823165064517806, 8.07900784216199], [13.97396950236824, 7.895214830709819], [14.063509603067951, 7.6972841202777404], [14.101210803927852, 7.518203736083732], [14.157762331025825, 7.372111925491463], [14.138911821993167, 7.216594860382865], [14.011670520433553, 7.112916695114073], [14.157762331025825, 7.145905268715811], [14.275578378069108, 7.075215677048758], [14.388681797854227, 6.881997411080257], [14.472511395643071, 6.719549506395205], [14.524350478277466, 6.507480548599459], [14.557687823951992, 6.345323470102985], [14.56237540835168, 6.122948919057917], [14.538812089266273, 5.896742262282265], [14.524188522273016, 5.658358195682154], [14.481539985904707, 5.35070558253756], [14.410850394237654, 5.0679472158693475], [14.32602292079611, 4.7757635946848085], [14.22849195470752, 4.504867865561526], [14.11538871771699, 4.184408298033413], [14.00228529793187, 3.9016499313652018], [13.897542719780558, 3.6827314775844022], [13.784439482790026, 3.4706627025832435], [13.624209790423262, 3.1879043359150323], [13.412140832627516, 2.9664103063975453], [13.32731335918597, 2.876870205697835], [13.138807903270221, 2.76847941317088], [13.025704483485102, 2.6600886206439247], [12.879612672892833, 2.721352957794649], [12.667543897891674, 2.8485942593542615], [12.516739460041238, 2.97112293365571], [12.382147074148705, 3.069666398963993], [12.278468908879914, 3.1544938724055394], [12.141802352803971, 3.2204708368144273], [11.934446205060977, 3.2204708368144273], [12.075825388395083, 3.1921950732654416], [12.259618399847255, 3.1309307361147174], [12.368009009579623, 3.0555285171895], [12.509388192913729, 2.961275606437038], [12.664905440816915, 2.819896423102932], [12.834560387700007, 2.692655304337907], [12.876974215818073, 2.570126630036459], [12.834560387700007, 2.4287474467023533], [12.728459828558783, 2.24280422251841], [12.56823013619202, 2.0637238383244023], [12.398575189308929, 1.9176320277321324], [12.261908633232986, 1.7903907261725196], [12.021563911888256, 1.6678622346656589], [11.88172166544514, 1.5892841425786812], [11.730917227594707, 1.5327324326861216], [11.594250671518765, 1.5233071781697929], [11.476434624475482, 1.5562957517715308], [11.3963197782921, 1.631697970696748], [11.320917559366883, 1.7400885804291155], [11.245515340441665, 1.8814677637632213], [11.193676257807269, 2.0039964380646693], [11.155975056947367, 2.131237739624282], [11.118274038882053, 2.2537664139257303], 