{"name": "Yellow mongoose", "scale": 0.0299831505188186, "slice_polygons": [[[[[15.000027809372105, 2.8012708838077804], [14.72616710950031, 2.634998123279651], [14.383841384576316, 2.5665330982274543], [14.00239274536085, 2.5958752089881805], [13.61116300278314, 2.6741210375711213], [13.171029842214718, 2.791490080277037], [12.779800399468511, 2.947981737442918], [12.486378392366733, 3.1435966087317735], [12.290763521077876, 3.3000882658976547], [12.085368146089783, 3.5054839407172547], [12.007122317506841, 3.7597830335275635], [12.016902821206079, 3.9749592120464023], [12.173394778203466, 4.258600715448942], [12.241859803255663, 4.503119004728507], [12.310325128139365, 4.659610961725893], [12.19295608543345, 4.473776893967781], [12.153833171141978, 4.2781620226789245], [12.036464428267568, 4.082547451221575], [11.948437796153884, 3.9064941869942054], [11.850630360509456, 3.7402217262975808], [11.615892574929129, 3.6815372049446227], [11.263786046474392, 3.6717564014138793], [11.019267757194827, 3.6815372049446227], [10.70628414303156, 3.7597830335275635], [10.38351972533755, 3.8771517764019743], [10.041194000413556, 4.092328254752317], [9.777114104072504, 4.297723629740413], [9.56193762572216, 4.522680611789996], [9.336980943504082, 4.93347166159769], [9.341460426191595, 5.156438362115833], [9.439267861836022, 5.381395344165416], [9.634882733124877, 5.537887001331296], [9.869620218873699, 5.713940265558665], [10.094577200923283, 5.889993529786033], [10.299972875742883, 6.036704683252675], [10.466245336439506, 6.163854229657829], [10.603175686375405, 6.320345886823711], [10.417341618617293, 6.193196340418556], [10.260849961451413, 6.075827597544146], [10.0750158936933, 5.909555136847521], [9.859839715174461, 5.753063179850135], [9.71312856170782, 5.655255744205707], [9.556636604710432, 5.547667804862041], [9.370802836783827, 5.449860369217612], [9.21431087978644, 5.410737454926142], [9.018696308329089, 5.410737454926142], [8.832862240570977, 5.43029906198763], [8.588343651459907, 5.4694219762791], [8.324263755118855, 5.625913633444981], [8.138429687360743, 5.743282376319391], [7.975533329412537, 5.88343981274563], [7.8288224757773985, 6.039931769743015], [7.682111322310756, 6.20620423043964], [7.564742579436347, 6.382257494667009], [7.4767159473226625, 6.577872365955865], [7.40825062243896, 6.783267740943959], [7.398469818908217, 7.008224722993542], [7.466935143791918, 7.22340090151238], [7.682111322310756, 7.0864705515764825], [7.86794539006887, 7.047347637285013], [7.731015040132972, 7.174497183690167], [7.61364629725856, 7.233181705043124], [7.515838861614132, 7.330989140687553], [7.418031425969704, 7.497261601384177], [7.29088187956455, 7.663534062080802], [7.202855247450866, 7.849368129838915], [7.095267008275694, 8.074325111888497], [7.026801983223497, 8.318843700999567], [6.958336658339796, 8.553581186748389], [6.948556154640557, 8.77853816879797], [7.0072403761620095, 9.003495150847554], [7.124609418867926, 9.306697961480076], [7.232197358211592, 9.512093636299676], [7.339785597386764, 9.609901071944103], [7.61364629725856, 9.678366096996301], [7.858164586538126, 9.77617353264073], [8.132025286409922, 9.903323079045883], [7.848383783007382, 9.805515643401455], [7.61364629725856, 9.71748901128777], [7.427812229500448, 9.658804789766318], [7.261539768803824, 9.668585293465556], [7.085486204744949, 9.746831421880001], [6.938775351109813, 9.89354227551514], [6.762252850576825, 10.077000178594636], [6.595980090048696, 10.292176357113473], [6.459049740112797, 10.56603705698527], [6.380803911529857, 10.810555346264834], [6.341680997238386, 11.045293131845161], [6.322119690008404, 11.338715438778445], [6.331900193707643, 11.50498789947507], [6.243873561593959, 11.68104116370244], [6.204750647302488, 12.00380558139645], [6.27321597218619, 12.365692613550424], [6.302558082946916, 12.796045270419608], [6.419926825821326, 13.206836320227303], [6.498172954235772, 13.578504155912022], [6.633214965351995, 13.881610720631379], [6.750583708226405, 14.292401770439074], [6.867952451100816, 14.57604297401011], [6.995102297337476, 14.810780759590434], [7.0733481259204165, 15.016176134578531], [7.102690236681142, 15.241133116628113], [7.2787435009085115, 15.446528791447712], [7.484139175728112, 15.681266277196533], [7.69931535424695, 15.847539037724665], [7.894929925704302, 15.925784866307605], [8.06120268623243, 15.896442455715372], [7.973176054118747, 16.043153609182013], [7.953614447057259, 16.277891394762342], [8.041641079170942, 16.61043631615559], [8.227475146929056, 16.78648958038296], [8.423089718386406, 17.03100816949403], [8.593350237933539, 17.20911827784699], [8.935676262689038, 17.385171542074357], [9.23887907332156, 17.49275978124953], [9.57142399471481, 17.6003480204247], [9.913750019470308, 17.698155156237625], [10.2560757443943, 17.74705887405984], [10.647305187140509, 17.776401284652067], [11.087438347708929, 17.825305002474284], [11.60581733686029, 17.805743395412797], [11.99529876193125, 17.780505378295086], [12.366966897447474, 17.67291743895142], [12.552800965205586, 17.506644978254794], [12.758196340193683, 17.408837542610364], [12.924468800890306, 17.271907192674465], [13.14942578293989, 17.03716940709414], [13.374382764989472, 16.802431621513815], [13.423286482811685, 16.685062878639403], [13.364601961458728, 16.47966750365131], [13.208110304292846, 16.17646439318728], [13.080960757887693, 15.90260399314699], [13.012495433003991, 15.61896248974445], [12.953811211482538, 15.335320986341909], [12.963591715181776, 15.012556868479402], [12.709292622371468, 14.895187825773489], [12.679950511610741, 14.75825747583759], [12.885345886598836, 14.768038279368334], [13.198329500762103, 14.934310740064957], [13.569997636278327, 15.012556868479402], [13.941665471963047, 15.04189897924013], [14.303552803948527, 15.012556868479402], [14.450263957415169, 15.247294354228224], [14.939300835805804, 15.413567114756354], [15.236144220213287, 15.410588588583815], [15.539347030845809, 15.371465674292343], [15.822988234416844, 15.28343904217866], [16.008822302174956, 15.136727888712018], [16.106629737819386, 14.980235931714633], [16.331586719868966, 14.901990103131693], [16.546762898387808, 14.970455428015395], [16.84996570902033, 14.980235931714633], [17.05536138383993, 14.931332513723923], [17.260756758828023, 14.784621360257283], [17.52483665516908, 14.667252317551366], [17.97475061926824, 14.628129403259896], [17.52483665516908, 14.735717642435066], [17.299879673119495, 14.843305581778734], [17.182510930245083, 14.970455428015395], [17.123826408892125, 15.029139649536848], [17.19229173377583, 15.146508692242762], [17.27053756235877, 15.40080778505307], [17.27053756235877, 15.713791399216339], [17.260756758828023, 16.046336320609587], [17.260756758828023, 16.359319934772856], [17.221633844536555, 16.633180634644653], [17.28031836588951, 16.83857630946425], [17.505275347939094, 17.06353329151383], [17.808478158571617, 17.259147862971187], [18.258392122670784, 17.47432404149002], [18.471433201041172, 17.5236880006727], [18.980031686493298, 17.54324960773419], [19.517972282706147, 17.504126693442718], [20.03635127185751, 17.455222975620504], [20.525388150248144, 17.36719634350682], [20.985082917878053, 17.28895051492388], [21.47411979626869, 17.132458557926494], [21.80666471766194, 16.917282379407656], [22.051183306773005, 16.702106200888817], [22.28592079252183, 16.418464697486275], [22.4619740567492, 16.13482349391524], [22.45219355304996, 15.900085708334915], [22.413070338926985, 15.675128726285331], [22.667369731568797, 15.675128726285331], [22.94514503157233, 15.527175071061189], [23.150540406560424, 15.292437285480863], [23.297251560027068, 15.057699799732044], [23.365716585079262, 14.79361990339099], [23.307032363557813, 14.656689553455092], [23.27768995296558, 14.578443425040646], [23.434181909962962, 14.480636289227723], [23.620015977721078, 14.21655639288667], [23.776507634886958, 13.913353282422642], [23.873611965651722, 13.594341855679072], 